,id,Constituency,Country/Region,Country,Con Vote,Liberal Vote,Labour Vote,SNP Vote,PC Vote,DUP Vote,Sinn Fein Vote,SDLP Vote,UUP Vote,Other Vote,Total votes
0,565,ABERAVON,Wales,Wales,0.10178049428647355,0.13752325272389052,0.6004849853840021,,0.11775843741695456,,,,,0.04245283018867924,30104
1,S14000001,ABERDEEN NORTH,Scotland,Scotland,0.09433859256428455,0.23917672107877927,0.42466015177157834,0.22296227548179287,,,,,,0.018862259103564993,36634
2,S14000002,ABERDEEN SOUTH,Scotland,Scotland,0.17140385862905744,0.33454265875399436,0.3669301554503736,0.09898849138655967,,,,,,0.028134835780014897,41621
3,S14000003,AIRDRIE & SHOTTS,Scotland,Scotland,0.0986488931781169,0.1143615417093914,0.5901441582725134,0.16538995114301225,,,,,,0.03145545569696604,33158
4,47,ALDERSHOT,South East,England,0.42732805716540995,0.3165285307741842,0.2055420535510272,,,,,,,0.0506013585093787,48141
5,295,ALDRIDGE-BROWNHILLS,West Midlands,England,0.4738598442714127,0.12291434927697442,0.3346394984326019,,,,,,,0.06858630801901103,39556
6,435,ALTRINCHAM & SALE WEST,North West,England,0.4642067253441661,0.21654254118709096,0.3026404874746107,,,,,,,0.01661024599413225,44310
7,530,ALYN & DEESIDE,Wales,Wales,0.2522256028848321,0.17393509127789047,0.4882521974306964,,0.03718728870858688,,,,,0.04839981969799414,35496
8,324,AMBER VALLEY,East Midlands,England,0.3443269819163976,0.1313540545673229,0.4556350361883058,,,,,,,0.06868392732797367,47391
9,S14000004,ANGUS,Scotland,Scotland,0.29463887796565735,0.17459693275658672,0.17957792633372657,0.33661030279197796,,,,,,0.014575960152051383,38145
10,S14000005,ARGYLL & BUTE,Scotland,Scotland,0.23430827119739606,0.36649045453496154,0.22382788153004454,0.15503589648883861,,,,,,0.020337496248759204,43319
11,110,ARUNDEL & SOUTH DOWNS,South East,England,0.4981283960555444,0.2705373314550211,0.1706983296437915,,,,,,,0.060635942845642984,49690
12,357,ASHFIELD,East Midlands,England,0.24303821550022592,0.13861739316544197,0.4859099664692873,,,,,,,0.13243442486504484,42051
13,76,ASHFORD,South East,England,0.5156428364128858,0.1607429621747122,0.2583534874721873,,,,,,,0.06526071394021477,51685
14,436,ASHTON-UNDER-LYNE,North West,England,0.19636432493845862,0.13817729326155762,0.5737820218032299,,,,,,,0.09167635999675386,36967
15,15,AYLESBURY,South East,England,0.4907500971628449,0.2756898561989895,0.18538670812281383,,,,,,,0.04817333851535173,51460
16,S14000006,"AYR, CARRICK & CUMNOCK",Scotland,Scotland,0.2316640028414136,0.1407609660806251,0.45358284496537027,0.13168176167643403,,,,,,0.042310424436156985,45048
17,93,BANBURY,South East,England,0.469355441299436,0.17925954918251524,0.277268764788557,,,,,,,0.07411624472949171,56209
18,S14000007,BANFF & BUCHAN,Scotland,Scotland,0.19365326741186586,0.133061049011178,0.12027085124677558,0.5117153912295787,,,,,,0.041299441100601894,37216
19,140,BARKING,London,England,0.1698275269703841,0.11719233147804577,0.4750223321651893,,,,,,,0.2379578093863808,29106
20,386,BARNSLEY CENTRAL,Yorkshire and the Humber,England,0.1332517910186965,0.1658570679713437,0.6107985322383366,,,,,,,0.09009260877162327,28615
21,387,BARNSLEY EAST & MEXBOROUGH,Yorkshire and the Humber,England,0.14694483134500091,0.20147762369042574,0.6291709562163145,,,,,,,0.022406588748258946,33026
22,388,BARNSLEY WEST & PENISTONE,Yorkshire and the Humber,England,0.24579398675784217,0.201400195376099,0.5528058178660589,,,,,,,,36852
23,494,BARROW & FURNESS,North West,England,0.3102786835831529,0.16797742032718604,0.4757076699641027,,,,,,,0.04603622612555833,36493
24,30,BASILDON,Eastern,England,0.36109501402378247,0.10368327113418789,0.4339259637004242,,,,,,,0.10129575114160544,43141
25,48,BASINGSTOKE,South East,England,0.4146665835463292,0.20680339962180247,0.31741578870810216,,,,,,,0.061114228123766184,48123
26,358,BASSETLAW,East Midlands,England,0.29770462545238213,0.1359625204501512,0.5663328540974667,,,,,,,,40342
27,214,BATH,South West,England,0.33735491753207086,0.43854175757046865,0.14776594816301597,,,,,,,0.07633737673444455,45836
28,401,BATLEY & SPEN,Yorkshire and the Humber,England,0.3108039175678433,0.14616914915323403,0.45842685166292596,,,,,,,0.08460008161599673,39208
29,141,BATTERSEA,London,England,0.3996686886404054,0.14631294306804063,0.40363955272966456,,,,,,,0.05037881556188945,41049
30,16,BEACONSFIELD,South East,England,0.554327596902787,0.20386921857408727,0.19350688141901984,,,,,,,0.048296303104105875,43523
31,142,BECKENHAM,London,England,0.45304713667184054,0.22183645127032106,0.28147210195245487,,,,,,,0.04364431010538355,48964
32,1,BEDFORD,Eastern,England,0.3368986499334474,0.21541642897889332,0.4173084236546872,,,,,,,0.03037649743297205,42072
33,642,BELFAST EAST,Northern Ireland,Northern Ireland,0.014076740942557816,,,,,0.49145340728487563,0.033375498686387076,0.027375044597969578,0.30083357659498555,0.13288573189322436,30831
34,643,BELFAST NORTH,Northern Ireland,Northern Ireland,,,,,,0.456286836935167,0.2864112639161755,0.16208251473477406,0.07053045186640472,0.024688932547478715,30540
35,644,BELFAST SOUTH,Northern Ireland,Northern Ireland,,,,,,0.2842512801298864,0.08998376420631947,0.322811290121144,0.2267703259647808,0.07618333957786937,32028
36,645,BELFAST WEST,Northern Ireland,Northern Ireland,,,,,,0.10571718048921697,0.7048198002605297,0.14569402228976697,0.022550296714430453,0.02121870024605587,34545
37,S14000008,"BERWICKSHIRE, ROXBURGH & SELKIRK",Scotland,Scotland,0.28844628536176964,0.41845862342469375,0.15876443112717017,0.08559531153608883,,,,,,0.048735348550277606,45388
38,513,BERWICK-UPON-TWEED,North East,England,0.2887226378498199,0.5279024660570796,0.1833748960931006,,,,,,,,36090
39,143,BETHNAL GREEN & BOW,London,England,0.14188651805394598,0.11198218465244165,0.34035494353171086,,,,,,,0.4057763537619015,44007
40,368,BEVERLEY & HOLDERNESS,Yorkshire and the Humber,England,0.40703557627186165,0.19078921158519582,0.35564320146607703,,,,,,,0.046532010676865465,50202
41,22,BEXHILL & BATTLE,South East,England,0.5258786351795705,0.23871546312508007,0.18057394200794294,,,,,,,0.05483195968740658,46834
42,144,BEXLEYHEATH & CRAYFORD,London,England,0.46317519962423676,0.12080789102865194,0.3562940347581024,,,,,,,0.05972287458900893,42580
43,31,BILLERICAY,Eastern,England,0.5216545908551312,0.13244504482377503,0.2922960415899136,,,,,,,0.053604322731180154,48858
44,478,BIRKENHEAD,North West,England,0.16562297559922262,0.18444540416036853,0.6499316202404088,,,,,,,,27786
45,296,"BIRMINGHAM, EDGBASTON",West Midlands,England,0.3751162605298823,0.13778533655762537,0.4375381998883899,,,,,,,0.04956020302410247,37631
46,297,"BIRMINGHAM, ERDINGTON",West Midlands,England,0.2279027279027279,0.15835065835065834,0.5295155295155295,,,,,,,0.08423108423108423,31746
47,298,"BIRMINGHAM, HALL GREEN",West Midlands,England,0.306636553161918,0.19347926801019227,0.4720870975214269,,,,,,,0.02779708130646282,34536
48,299,"BIRMINGHAM, HODGE HILL",West Midlands,England,0.13259668508287292,0.2946475701164796,0.48639898652215224,,,,,,,0.08635675827849526,28417
49,300,"BIRMINGHAM, LADYWOOD",West Midlands,England,0.10572700475245142,0.3146543945136257,0.5192203573362209,,,,,,,0.06039824339770198,33246
50,301,"BIRMINGHAM, NORTHFIELD",West Midlands,England,0.288672076249356,0.13430577022153528,0.4964902112313241,,,,,,,0.08053194229778465,31056
51,302,"BIRMINGHAM, PERRY BARR",West Midlands,England,0.16738197424892703,0.2652463313715916,0.4695073372568168,,,,,,,0.09786435712266454,38911
52,303,"BIRMINGHAM, SELLY OAK",West Midlands,England,0.24856252994729278,0.22977958792525155,0.46061332055582177,,,,,,,0.061044561571633925,41740
53,304,"BIRMINGHAM, SPARKBROOK & SMALL HEATH",West Midlands,England,0.09111855886049434,0.20231985756179305,0.36099183074989527,,,,,,,0.3455697528278173,38192
54,305,"BIRMINGHAM, YARDLEY",West Midlands,England,0.10091400224253338,0.4637287214161938,0.3729400971764466,,,,,,,0.062417179164826204,29431
55,506,BISHOP AUCKLAND,North East,England,0.22912295425933696,0.2365190935795216,0.5000262274443978,,,,,,,0.0343317247167436,38128
56,334,BLABY,East Midlands,England,0.4553130315056289,0.18996517372641128,0.29590183850328017,,,,,,,0.05881995626467968,49388
57,463,BLACKBURN,North West,England,0.2285133357253917,0.2059083841645736,0.4200932902762827,,,,,,,0.14548498983375194,41805
58,464,BLACKPOOL NORTH & FLEETWOOD,North West,England,0.3593901593901594,0.12781242781242783,0.4763224763224763,,,,,,,0.03647493647493647,43290
59,465,BLACKPOOL SOUTH,North West,England,0.2987063794272599,0.14480204475509884,0.5053205362265922,,,,,,,0.05117103959104898,38342
60,541,BLAENAU GWENT,Wales,Wales,0.02314827948143315,0.04286403222603614,0.3229411931576409,,0.023914215199568805,,,,,0.587132279935321,35251
61,517,BLAYDON,North East,England,0.08012188564258828,0.37858807261926103,0.515197295982383,,,,,,,0.026092745755767803,39053
62,514,BLYTH VALLEY,North East,England,0.1392670449780561,0.31118441282531517,0.5495485421966287,,,,,,,,35773
63,111,BOGNOR REGIS & LITTLEHAMPTON,South East,England,0.44624144108768743,0.21908361351755956,0.25427638844577516,,,,,,,0.08039855694897784,40747
64,325,BOLSOVER,East Midlands,England,0.17318276958060932,0.17519832553812761,0.6516189048812631,,,,,,,,38699
65,437,BOLTON NORTH EAST,North West,England,0.3459944190078838,0.1637452250006773,0.4571536940207526,,,,,,,0.03310666197068624,36911
66,438,BOLTON SOUTH EAST,North West,England,0.20379905808477236,0.18985871271585558,0.5691993720565149,,,,,,,0.037142857142857144,31850
67,439,BOLTON WEST,North West,England,0.37429395949979033,0.17860049823644034,0.42520287102582444,,,,,,,0.0219026712379449,40543
68,479,BOOTLE,North West,England,0.06166575599094528,0.11661853094996487,0.7550152212942003,,,,,,,0.06670049176488954,25622
69,344,BOSTON & SKEGNESS,East Midlands,England,0.46165420716998257,0.08715278607084,0.3205713057393298,,,,,,,0.13062170101984763,41869
70,335,BOSWORTH,East Midlands,England,0.42552474788942923,0.22164677151097917,0.31354344301985304,,,,,,,0.03928503757973852,47499
71,240,BOURNEMOUTH EAST,South West,England,0.45014495066358146,0.3106731562009628,0.19125508657145138,,,,,,,0.04792680656400436,37599
72,241,BOURNEMOUTH WEST,South West,England,0.4143674095035963,0.29554297842235583,0.23063318004952246,,,,,,,0.05945643202452541,33924
73,7,BRACKNELL,South East,England,0.4969007254453374,0.19804071097553821,0.2615513971177724,,,,,,,0.04350716646135195,51141
74,402,BRADFORD NORTH,Yorkshire and the Humber,England,0.1619036543884641,0.32302235660086637,0.42509521179172605,,,,,,,0.08997877721894351,34397
75,403,BRADFORD SOUTH,Yorkshire and the Humber,England,0.24004917361016254,0.14571779811501162,0.49047944269908483,,,,,,,0.12375358557574102,36605
76,404,BRADFORD WEST,Yorkshire and the Humber,England,0.3174131815557205,0.18202315158514118,0.4006159091533999,,,,,,,0.09994775770573841,36369
77,32,BRAINTREE,Eastern,England,0.4447648666478183,0.13263594383187258,0.37138818207520496,,,,,,,0.05121100744510414,53055
78,558,BRECON & RADNORSHIRE,Wales,Wales,0.34628726428627316,0.4481364596645888,0.15010041469966875,,0.036618763203880966,,,,,0.018857098145588273,38341
79,145,BRENT EAST,London,England,0.10277455903180122,0.47521565598043003,0.3879232650959186,,,,,,,0.03408651989185014,31068
80,146,BRENT NORTH,London,England,0.33011041981951683,0.15895969956840983,0.48820133400594135,,,,,,,0.022728546606131942,35682
81,147,BRENT SOUTH,London,England,0.1506853917484209,0.2074653944362317,0.5879922053487434,,,,,,,0.05385700846660395,29764
82,148,BRENTFORD & ISLEWORTH,London,England,0.3024534411195862,0.2276767281656779,0.3983093204685225,,,,,,,0.07156051024621335,46017
83,33,BRENTWOOD & ONGAR,Eastern,England,0.5348057537659984,0.27176350662589194,0.14903160040774718,,,,,,,0.04439913920036244,44145
84,551,BRIDGEND,Wales,Wales,0.2611532264454951,0.20996328481998996,0.43345043450698645,,0.06674766898227634,,,,,0.02868538524525212,37859
85,254,BRIDGWATER,South West,England,0.4414974329127606,0.227400278534162,0.2654596852979692,,,,,,,0.06564260325510819,48109
86,369,BRIGG & GOOLE,Yorkshire and the Humber,England,0.3843064493400348,0.13363708957677675,0.45227582319507725,,,,,,,0.029780637888111233,42578
87,23,"BRIGHTON, KEMPTOWN",South East,England,0.3303456783906946,0.16516025076160024,0.39925476472217325,,,,,,,0.10523930612553187,39719
88,24,"BRIGHTON, PAVILION",South East,England,0.23880836989227552,0.16471047614672576,0.35434228357489034,,,,,,,0.24213887038610837,43537
89,215,BRISTOL EAST,South West,England,0.2106184084372004,0.2524209012464046,0.4590604026845638,,,,,,,0.07790028763183125,41720
90,216,BRISTOL NORTH WEST,South West,England,0.27857323338667567,0.20098121788932874,0.467278699570454,,,,,,,0.05316684915354165,47492
91,217,BRISTOL SOUTH,South West,England,0.20000945000945,0.22765072765072766,0.4908807408807409,,,,,,,0.08145908145908146,42328
92,218,BRISTOL WEST,South West,England,0.26881664227472296,0.38307547564290195,0.29373127047180986,,,,,,,0.054376611610565194,57396
93,149,BROMLEY & CHISLEHURST,London,England,0.5111515703231679,0.20304744565099594,0.22196935214686694,,,,,,,0.06383163187896916,46137
94,265,BROMSGROVE,West Midlands,England,0.5100815728927003,0.15053336122150177,0.2992470194519975,,,,,,,0.04013804643380046,47810
95,64,BROXBOURNE,Eastern,England,0.5384956187850743,0.12240326868169735,0.25521807620360343,,,,,,,0.08388303632962489,40628
96,359,BROXTOWE,East Midlands,England,0.3721058886202516,0.16057451952628776,0.41914928492398473,,,,,,,0.04817030692947588,48806
97,17,BUCKINGHAM,South East,England,0.5744095058687146,0.19682447678390294,0.1991222804148467,,,,,,,0.029643736932535657,48307
98,466,BURNLEY,North West,England,0.10789318420850114,0.2365390041813098,0.38475745837929354,,,,,,,0.27081035323089553,38983
99,278,BURTON,West Midlands,England,0.381771855812205,0.13023683221252244,0.411448978739401,,,,,,,0.07654233323587152,47882
100,440,BURY NORTH,North West,England,0.364634667746799,0.1465829564121605,0.43047773352235646,,,,,,,0.05830464231868404,44439
101,441,BURY SOUTH,North West,England,0.2765745517699341,0.17796393727333096,0.5041885886499463,,,,,,,0.04127292230678858,39154
102,133,BURY ST EDMUNDS,Eastern,England,0.4624185180258082,0.1980843421577757,0.27370341511621277,,,,,,,0.06579372470020335,52619
103,547,CAERNARFON,Wales,Wales,0.12439729990356799,0.12529018893531912,0.2692239008536019,,0.4552662595092682,,,,,0.025822350798242796,27999
104,552,CAERPHILLY,Wales,Wales,0.14558107522496114,0.09842208570190421,0.5656529608198017,,0.17413138239567666,,,,,0.016212495857656325,39229
105,S14000009,"CAITHNESS, SUTHERLAND & EASTER ROSS",Scotland,Scotland,0.10248346166359397,0.5045367458337852,0.20926869826121533,0.13324657484726893,,,,,,0.05046451939413657,27663
106,405,CALDER VALLEY,Yorkshire and the Humber,England,0.3571069709022399,0.1889679715302491,0.38572325727444,,,,,,,0.06820180029307096,47770
107,150,CAMBERWELL & PECKHAM,London,England,0.09799592977130833,0.1879893760132455,0.6530647442309683,,,,,,,0.06094994998447794,28991
108,118,CAMBRIDGE,Eastern,England,0.1650944478872593,0.4395785994629209,0.33998944203447407,,,,,,,0.055337510615345774,43569
109,279,CANNOCK CHASE,West Midlands,England,0.2992005561348627,0.13750434480361487,0.5130112385586838,,,,,,,0.050283860502838604,43155
110,77,CANTERBURY,South East,England,0.44367159098073006,0.2113812595877025,0.2866749322293904,,,,,,,0.05827221720217707,47587
111,560,CARDIFF CENTRAL,Wales,Wales,0.092411159083361,0.49792427764862174,0.3431307428318388,,0.035176574781357245,,,,,0.03135724565482121,36132
112,561,CARDIFF NORTH,Wales,Wales,0.36510141093474424,0.18701499118165785,0.3903659611992945,,0.04268077601410935,,,,,0.014836860670194003,45360
113,562,CARDIFF SOUTH & PENARTH,Wales,Wales,0.22242089293454703,0.2039716081491114,0.47266471608149113,,0.0548060251408756,,,,,0.04613675769397486,36912
114,563,CARDIFF WEST,Wales,Wales,0.21880153930731172,0.17534214866467984,0.4551083591331269,,0.12488064581464657,,,,,0.025867307080234946,34561
115,495,CARLISLE,North West,England,0.3199412329773408,0.16714697406340057,0.48084421088320056,,,,,,,0.03206758207605809,35394
116,536,CARMARTHEN EAST & DINEFWR,Wales,Wales,0.13671619962915568,0.09712465070120917,0.28317359170562273,,0.45861951894701103,,,,,0.024366039017001385,38291
117,537,CARMARTHEN WEST & SOUTH PEMBROKESHIRE,Wales,Wales,0.3180677706468056,0.14259303277606106,0.3685127961334284,,0.1474262472598579,,,,,0.023400153183847028,37863
118,151,CARSHALTON & WALLINGTON,London,England,0.37827732751213394,0.40307935254638766,0.17175634564919534,,,,,,,0.04688697429228304,43061
119,34,CASTLE POINT,Eastern,England,0.4829046766516746,0.10303043535216803,0.3038513602026112,,,,,,,0.11021352779354614,45802
120,S14000010,CENTRAL AYRSHIRE,Scotland,Scotland,0.22117515336707796,0.16050477012432646,0.46429987637330594,0.11590585710620233,,,,,,0.03811434302908726,42871
121,134,CENTRAL SUFFOLK & NORTH IPSWICH,Eastern,England,0.43905555773994415,0.21053355876223803,0.28461054535446073,,,,,,,0.06580033814335706,50866
122,538,CEREDIGION,Wales,Wales,0.12393245611594848,0.3652599660611456,0.1206498456060311,,0.359167663504604,,,,,0.030990068712270842,35947
123,336,CHARNWOOD,East Midlands,England,0.4656827880512091,0.17893551446183026,0.2916469100679627,,,,,,,0.06373478741899795,50616
124,78,CHATHAM & AYLESFORD,South East,England,0.3815351711026616,0.13650190114068442,0.43695342205323195,,,,,,,0.045009505703422055,42080
125,442,CHEADLE,North West,England,0.40409385079157617,0.4888378270126694,0.08788498429495963,,,,,,,0.01918333790079474,47437
126,248,CHELTENHAM,South West,England,0.3626464317645171,0.41544210357396666,0.1143485935673185,,,,,,,0.10756287109419775,43621
127,18,CHESHAM & AMERSHAM,South East,England,0.5439624604539567,0.25099263222710577,0.1403486421640444,,,,,,,0.06469626515489309,47097
128,424,"CHESTER, CITY OF",North West,England,0.3684163641627508,0.21864908803420707,0.3887936218070062,,,,,,,0.0241409259960359,44903
129,326,CHESTERFIELD,East Midlands,England,0.08170712359194035,0.473130708732803,0.40411595385417376,,,,,,,0.04104621382108293,44121
130,112,CHICHESTER,South East,England,0.4828533806606744,0.2756054273773401,0.18381328600599225,,,,,,,0.057727905955993204,52401
131,152,CHINGFORD & WOODFORD GREEN,London,England,0.5318515835230802,0.17677499482508796,0.2565203891533844,,,,,,,0.034853032498447525,38648
132,153,CHIPPING BARNET,London,England,0.465869139472877,0.1574054411174819,0.3252400839999056,,,,,,,0.051485335409735496,42381
133,467,CHORLEY,North West,England,0.353164276059634,0.13984546793358751,0.5069902560067784,,,,,,,,49569
134,242,CHRISTCHURCH,South West,England,0.5470377193833026,0.24530204596140792,0.15613303597401337,,,,,,,0.05152719868127606,51565
135,154,CITIES OF LONDON & WESTMINSTER,London,England,0.4730451941787486,0.200235700386439,0.25118535368761474,,,,,,,0.07553375174719763,36487
136,370,CLEETHORPES,Yorkshire and the Humber,England,0.37273165248113055,0.14767487210075936,0.4333432746793916,,,,,,,0.04625020073871849,43589
137,531,CLWYD SOUTH,Wales,Wales,0.25690079256627496,0.15502110473414107,0.44966748656281313,,0.09447025598979684,,,,,0.04394036014697398,32931
138,532,CLWYD WEST,Wales,Wales,0.36246981524119726,0.1326163868141742,0.35873532880327963,,0.10877744707137643,,,,,0.037401022069972485,35614
139,S14000011,"COATBRIDGE, CHRYSTON & BELLSHILL",Scotland,Scotland,0.0723711662841644,0.12009701648237012,0.6448205716670143,0.1357709159190486,,,,,,0.02694032964740246,38344
140,35,COLCHESTER,Eastern,England,0.3311432325886991,0.4709459007995724,0.19791086661172855,,,,,,,,44899
141,406,COLNE VALLEY,Yorkshire and the Humber,England,0.32778004905968927,0.24165985282093214,0.35846279640228945,,,,,,,0.07209730171708913,48920
142,425,CONGLETON,North West,England,0.45390086114562356,0.2688402382074461,0.2772589006469303,,,,,,,,46682
143,548,CONWY,Wales,Wales,0.2792286894256767,0.19975042338889384,0.3707698249992572,,0.11082389993166354,,,,,0.03942716225450872,33657
144,496,COPELAND,North West,England,0.31735640015404215,0.11493912373729893,0.5045768285096425,,,,,,,0.0631276475990165,33757
145,351,CORBY,East Midlands,England,0.40639470320782783,0.1295702642110336,0.43817964674083854,,,,,,,0.02585538584030004,47727
146,249,COTSWOLD,South West,England,0.49261895208126544,0.28801926041688664,0.1786023526430276,,,,,,,0.0407594348588203,47351
147,306,COVENTRY NORTH EAST,West Midlands,England,0.1870143836537169,0.16461890038983734,0.5693776045167361,,,,,,,0.07898911143970964,37195
148,307,COVENTRY NORTH WEST,West Midlands,England,0.26766886136562457,0.18260509231548414,0.48211243611584326,,,,,,,0.06761361020304803,43438
149,308,COVENTRY SOUTH,West Midlands,England,0.3046331571832371,0.17765761337102126,0.458375322600467,,,,,,,0.05933390684527467,40685
150,113,CRAWLEY,South East,England,0.3901079265241941,0.15493293307602507,0.39098944559597837,,,,,,,0.06396969480380245,41973
151,426,CREWE & NANTWICH,North West,England,0.32567552029435437,0.18588018857077154,0.4884442911348741,,,,,,,,43485
152,480,CROSBY,North West,England,0.32113057412830853,0.17400674144885891,0.4824832845222965,,,,,,,0.022379399900536,36194
153,155,CROYDON CENTRAL,London,England,0.4079906857037809,0.13040014706783504,0.4064587290887922,,,,,,,0.05515043813959189,48957
154,156,CROYDON NORTH,London,England,0.2204711838894337,0.17241772527196844,0.5372089310557164,,,,,,,0.06990215978288138,43847
155,157,CROYDON SOUTH,London,England,0.5178231793361556,0.20551363069308956,0.24115998936540073,,,,,,,0.03550320060535411,48897
156,S14000012,"CUMBERNAULD, KILSYTH & KIRKINTILLOCH EAST",Scotland,Scotland,0.06953540728612362,0.14881805157593123,0.5180873925501432,0.2222932869422841,,,,,,0.04126586164551781,39088
157,553,CYNON VALLEY,Wales,Wales,0.07738206927609112,0.11224528089465981,0.6407475513190979,,0.14316808646376702,,,,,0.026457012046384207,26647
158,158,DAGENHAM,London,England,0.2542394863979767,0.10071009370642975,0.5008268214389936,,,,,,,0.1442235984566,30841
159,507,DARLINGTON,North East,England,0.25995226972682034,0.1845485934802478,0.5240936325784503,,,,,,,0.031405504214481565,39388
160,79,DARTFORD,South East,England,0.4105047136535625,0.10765514440240279,0.42559695589901453,,,,,,,0.0562431860450202,46779
161,352,DAVENTRY,East Midlands,England,0.5163222422607918,0.16486043779678683,0.27333344363738643,,,,,,,0.04548387630503483,60439
162,533,DELYN,Wales,Wales,0.26161628043759555,0.1790671685684037,0.45700505822844373,,0.07422656158099047,,,,,0.028084931184566522,34004
163,443,DENTON & REDDISH,North West,England,0.1930477963997517,0.16404266124936517,0.5738953783646521,,,,,,,0.06901416398623103,35442
164,327,DERBY NORTH,East Midlands,England,0.3540782326897622,0.1645214295495002,0.439819252362043,,,,,,,0.0415810853986946,43818
165,328,DERBY SOUTH,East Midlands,England,0.18931132271228646,0.32338090517142,0.45380766836511194,,,,,,,0.03350010375118161,43373
166,259,DEVIZES,South West,England,0.48539521960602716,0.2504007409254444,0.22297225091725145,,,,,,,0.04123178855127703,56146
167,407,DEWSBURY,Yorkshire and the Humber,England,0.2899857494494105,0.1457183573001684,0.40956082394092497,,,,,,,0.15473506930949604,38595
168,389,DON VALLEY,Yorkshire and the Humber,England,0.2935112847222222,0.1797417534722222,0.5267469618055556,,,,,,,,36864
169,390,DONCASTER CENTRAL,Yorkshire and the Humber,England,0.18890279758958983,0.2275042939070187,0.5128526098221303,,,,,,,0.0707402986812611,34351
170,391,DONCASTER NORTH,Yorkshire and the Humber,England,0.15437963138894167,0.12033694344163658,0.5551649882829818,,,,,,,0.17011843688643993,31578
171,80,DOVER,South East,England,0.3495739704285356,0.15886308579066077,0.4527608386935093,,,,,,,0.03880210508729429,47884
172,309,DUDLEY NORTH,West Midlands,England,0.3109061051004637,0.10280622102009274,0.44208848531684697,,,,,,,0.1441991885625966,41408
173,310,DUDLEY SOUTH,West Midlands,England,0.3451471636622874,0.1224157246155413,0.45320297382625524,,,,,,,0.07923413789591609,39276
174,159,DULWICH & WEST NORWOOD,London,England,0.219105003691443,0.24415918454833407,0.45390459406034916,,,,,,,0.08283121769987378,41989
175,S14000013,DUMFRIES & GALLOWAY,Scotland,Scotland,0.3537364170482011,0.08368866793735631,0.4111532491010198,0.12147530997622369,,,,,,0.02994635593719911,50891
176,S14000014,"DUMFRIESSHIRE, CLYDESDALE & TWEEDDALE",Scotland,Scotland,0.36177604446835215,0.20275237582929892,0.3228214093598709,0.09133494710417787,,,,,,0.021315223238300162,44616
177,S14000015,DUNDEE EAST,Scotland,Scotland,0.12799696509863429,0.11375821952453212,0.3622913505311077,0.3719777440566515,,,,,,0.023975720789074353,39540
178,S14000016,DUNDEE WEST,Scotland,Scotland,0.08290015161360191,0.14411414338314923,0.4458522850335716,0.30022200563136237,,,,,,0.026911414338314923,36936
179,S14000017,DUNFERMLINE & WEST FIFE,Scotland,Scotland,0.10322215407840732,0.20165589470208048,0.4743831674293532,0.18931924328914468,,,,,,0.031419540501014295,42394
180,508,"DURHAM, CITY OF",North East,England,0.09419799837706248,0.39793526282571456,0.4717338382472275,,,,,,,0.03613290054999549,44364
181,161,EALING NORTH,London,England,0.2988152321155955,0.19670157180639475,0.4505988345840411,,,,,,,0.05388436149396865,46507
182,162,"EALING, ACTON & SHEPHERD'S BUSH",London,England,0.27910556999722386,0.2520253388183631,0.4184185952603286,,,,,,,0.050450495924084494,39623
183,160,"EALING, SOUTHALL",London,England,0.21568710808800085,0.2443830375172707,0.48755446912530553,,,,,,,0.05237538526942289,47045
184,509,EASINGTON,North East,England,0.10673363679171245,0.1286140323340135,0.7136399309370586,,,,,,,0.051012399937215507,31855
185,646,EAST ANTRIM,Northern Ireland,Northern Ireland,,,,,,0.49630119306198256,0.026064784210029276,0.05335725753140051,0.2663770579532219,0.15789970724336574,31767
186,229,EAST DEVON,South West,England,0.4685564602919975,0.30740958840132393,0.1542835096554105,,,,,,,0.06975044165126809,49247
187,S14000018,EAST DUNBARTONSHIRE,Scotland,Scotland,0.16496875267528466,0.418050680592415,0.33113603287389776,0.05812858488143138,,,,,,0.02771594897697115,46724
188,163,EAST HAM,London,England,0.13131491824407995,0.1085698400262832,0.5389572645252597,,,,,,,0.22115797720437716,39569
189,49,EAST HAMPSHIRE,South East,England,0.45678315361598826,0.35311165057678917,0.16031539923596605,,,,,,,0.029789796571256515,53139
190,S14000019,"EAST KILBRIDE, STRATHAVEN & LESMAHAGOW",Scotland,Scotland,0.10005656464081453,0.16558774851779692,0.4873777051515723,0.17893281377663253,,,,,,0.06804516791318375,47733
191,647,EAST LONDONDERRY,Northern Ireland,Northern Ireland,,,,,,0.4288249211356467,0.16079878323569174,0.17116381252816584,0.21118747183415953,0.028025011266336188,35504
192,S14000020,EAST LOTHIAN,Scotland,Scotland,0.1597998951415589,0.2482305138063614,0.4146932890597693,0.13096382383781893,,,,,,0.04631247815449144,45776
193,S14000021,EAST RENFREWSHIRE,Scotland,Scotland,0.29866047885244174,0.1826600569560173,0.43908870372323594,0.06845269486341103,,,,,,0.011138065604893999,47405
194,99,EAST SURREY,South East,England,0.5615698536129778,0.23832050839542768,0.1479706819889144,,,,,,,0.05213895600268004,49253
195,114,EAST WORTHING & SHOREHAM,South East,England,0.43885683496845745,0.24345014929394068,0.2551467121657724,,,,,,,0.06254630357182947,44543
196,371,EAST YORKSHIRE,Yorkshire and the Humber,England,0.45210442194992007,0.19339371337240277,0.3182099094299414,,,,,,,0.03629195524773575,46925
197,25,EASTBOURNE,South East,England,0.43463795668705574,0.4114109770209952,0.10886096875516614,,,,,,,0.04509009753678294,48392
198,50,EASTLEIGH,South East,England,0.37467601615398527,0.3860882843422877,0.20570211568985955,,,,,,,0.033533583813867514,49771
199,444,ECCLES,North West,England,0.1968121968121968,0.18563756063756065,0.5688958188958189,,,,,,,0.048654423654423656,34632
200,427,EDDISBURY,North West,England,0.46374304856154486,0.17913911634628016,0.3281078950825415,,,,,,,0.02900994000963349,45674
201,S14000022,EDINBURGH EAST,Scotland,Scotland,0.10307486967689944,0.24420156639552745,0.40038782140069,0.17023848497821653,,,,,,0.08209725754866655,39709
202,S14000023,EDINBURGH NORTH & LEITH,Scotland,Scotland,0.18689024390243902,0.29183864915572233,0.3423311444652908,0.10187617260787993,,,,,,0.07706378986866792,42640
203,S14000024,EDINBURGH SOUTH,Scotland,Scotland,0.24101831467516044,0.32280200477774135,0.33228722656798915,0.06171249238840227,,,,,,0.042179961590706826,42698
204,S14000025,EDINBURGH SOUTH WEST,Scotland,Scotland,0.2329827437053226,0.21062696352957247,0.3978509311114147,0.10595091745207849,,,,,,0.0525884442016118,43926
205,S14000026,EDINBURGH WEST,Scotland,Scotland,0.1947862586987739,0.4952391472440075,0.18630288302220258,0.09110792002651055,,,,,,0.03256379100850547,45265
206,164,EDMONTON,London,England,0.29913840301991185,0.1199319943520733,0.5318272195487422,,,,,,,0.049102383079272685,34703
207,428,ELLESMERE PORT & NESTON,North West,England,0.330053008153272,0.15705151061351588,0.48422829161615444,,,,,,,0.028667189617057692,42069
208,408,ELMET,Yorkshire and the Humber,England,0.37610825944937004,0.12563101853815806,0.4721503414923854,,,,,,,0.02611038052008654,47146
209,165,ELTHAM,London,England,0.34286928197139216,0.16057215691828353,0.435660671293018,,,,,,,0.06089788981730633,35305
210,166,ENFIELD NORTH,London,England,0.3959606370708484,0.113916905936342,0.44307835775111043,,,,,,,0.04704409924169918,40749
211,167,"ENFIELD, SOUTHGATE",London,England,0.4461028192371476,0.1119166074389955,0.4047145226249704,,,,,,,0.03726605069888652,42210
212,36,EPPING FOREST,Eastern,England,0.5301604993312528,0.1845519393669193,0.21009808292465448,,,,,,,0.07518947837717342,44860
213,100,EPSOM & EWELL,South East,England,0.5442370536698811,0.21449908779245774,0.20579803123559012,,,,,,,0.03546582730207101,49879
214,329,EREWASH,East Midlands,England,0.30439340889759264,0.13991256700888177,0.44452356932328446,,,,,,,0.11117045477024114,50553
215,168,ERITH & THAMESMEAD,London,England,0.23858596053225678,0.13513585296539268,0.5440227351199172,,,,,,,0.0822554513824334,37651
216,101,ESHER & WALTON,South East,England,0.457036634780066,0.29564727014495173,0.19443168052132503,,,,,,,0.052884414553657215,47878
217,230,EXETER,South West,England,0.2715551681557347,0.205927217258662,0.41074671315464517,,,,,,,0.1117709014309581,55068
218,S14000028,FALKIRK,Scotland,Scotland,0.0991912568306011,0.16002185792349727,0.5085027322404372,0.21396721311475408,,,,,,0.01831693989071038,45750
219,224,FALMOUTH & CAMBORNE,South West,England,0.2633343746745809,0.34878683744663125,0.3095074455899198,,,,,,,0.07837134228886806,48015
220,51,FAREHAM,South East,England,0.49717967720685113,0.2172060276679842,0.2562788208168643,,,,,,,0.029335474308300396,48576
221,81,FAVERSHAM & MID KENT,South East,England,0.49718058038784213,0.165130885251914,0.2972997753633155,,,,,,,0.04038875899692844,43626
222,169,FELTHAM & HESTON,London,England,0.29292956386459956,0.1656831715036747,0.47585966418110615,,,,,,,0.0655276004506196,37282
223,648,FERMANAGH & SOUTH TYRONE,Northern Ireland,Northern Ireland,,,,,,0.2880741089910438,0.3819810218678909,0.14817699260139774,0.18176787653966758,,48793
224,170,FINCHLEY & GOLDERS GREEN,London,England,0.3875133058730967,0.16851020502614894,0.40466052668116814,,,,,,,0.039315962419586244,43214
225,82,FOLKESTONE & HYTHE,South East,England,0.5393686988433705,0.29855885202977134,0.12479640434612292,,,,,,,0.037276044780735214,48503
226,250,FOREST OF DEAN,South West,England,0.4087741393786734,0.1718094038623006,0.3657640638119228,,,,,,,0.05365239294710328,47640
227,649,FOYLE,Northern Ireland,Northern Ireland,,,,,,0.1437654848823697,0.3324343879497468,0.4630445745357276,0.023920717402267096,0.03683483522988884,45609
228,468,FYLDE,North West,England,0.5336629312239068,0.17024829707756536,0.25989892331355746,,,,,,,0.03618984838497034,45510
229,345,GAINSBOROUGH,East Midlands,England,0.43869442437775,0.2635012368380727,0.25708719161139204,,,,,,,0.040717147172785184,45681
230,518,GATESHEAD EAST & WASHINGTON WEST,North East,England,0.13880235375562477,0.21893388715818624,0.6056593977154725,,,,,,,0.03660436137071651,34668
231,360,GEDLING,East Midlands,England,0.37482130295672694,0.1377385463704645,0.46129932605686536,,,,,,,0.02614082461594318,44069
232,83,GILLINGHAM,South East,England,0.406646445413687,0.14909115061881462,0.4122700201474528,,,,,,,0.03199238382004561,45167
233,S14000029,GLASGOW CENTRAL,Scotland,Scotland,0.06266718978492707,0.17787209758533368,0.48214858936405464,0.14794735528052216,,,,,,0.12936476798516247,28037
234,S14000030,GLASGOW EAST,Scotland,Scotland,0.06900675522802935,0.11845890300268269,0.6068392643588998,0.17027053233782605,,,,,,0.03542454507256214,30939
235,S14000031,GLASGOW NORTH,Scotland,Scotland,0.08742523548583503,0.27445292074066113,0.394004512732352,0.12943662476272338,,,,,,0.11468070627842843,27921
236,S14000032,GLASGOW NORTH EAST,Scotland,Scotland,,,,0.17661341403335915,,,,,,0.8233865859666408,28418
237,S14000033,GLASGOW NORTH WEST,Scotland,Scotland,0.0957693549807698,0.1953847508881125,0.49170605678048207,0.13728310971492322,,,,,,0.0798567276357124,34061
238,S14000034,GLASGOW SOUTH,Scotland,Scotland,0.1258359137154901,0.19049725482032734,0.4723530483203664,0.12646040956519478,,,,,,0.08485337357862142,38431
239,S14000035,GLASGOW SOUTH WEST,Scotland,Scotland,0.05765568002066049,0.11598928237079123,0.6021564386480291,0.15356554863285662,,,,,,0.07063305032766246,30977
240,S14000036,GLENROTHES,Scotland,Scotland,0.07094685007761066,0.126532141519028,0.5190547556602259,0.23366161751324735,,,,,,0.049804635229888136,37366
241,251,GLOUCESTER,South West,England,0.36420670617531803,0.1510530278169218,0.4466536687064456,,,,,,,0.0380865973013146,51803
242,S14000037,GORDON,Scotland,Scotland,0.17647058823529413,0.45024528556640714,0.20212430802466358,0.15972816058328457,,,,,,0.011431657590350601,44438
243,52,GOSPORT,South East,England,0.44773899707208253,0.16603150996886182,0.31458846493470277,,,,,,,0.07164102802435283,43034
244,566,GOWER,Wales,Wales,0.2549946891912397,0.18438622224470183,0.4245106469070861,,0.07811946790754135,,,,,0.05798897374943098,39542
245,346,GRANTHAM & STAMFORD,East Midlands,England,0.4689375782128237,0.16624599656393832,0.31102721276009077,,,,,,,0.053789212463147176,47147
246,84,GRAVESHAM,South East,England,0.43690652736891034,0.10737289448637641,0.4224307753602337,,,,,,,0.033289802784479516,45179
247,372,GREAT GRIMSBY,Yorkshire and the Humber,England,0.238381264409659,0.19281640577599807,0.470573959470938,,,,,,,0.09822837034340492,32964
248,125,GREAT YARMOUTH,Eastern,England,0.3817245879452849,0.11080767557639325,0.4555560926095993,,,,,,,0.05191164386872251,41378
249,171,GREENWICH & WOOLWICH,London,England,0.20053348308297067,0.20724413870560157,0.49212410501193316,,,,,,,0.10009827319949459,35615
250,102,GUILDFORD,South East,England,0.43762468284557726,0.43090391431504327,0.09788692839573125,,,,,,,0.0335844744436482,51631
251,172,HACKNEY NORTH & STOKE NEWINGTON,London,England,0.14356705241660994,0.23284547311095985,0.4856364874063989,,,,,,,0.13795098706603132,29380
252,173,HACKNEY SOUTH & SHOREDITCH,London,England,0.14033563917237957,0.2123026336197537,0.5288333281632907,,,,,,,0.11852839904457611,32237
253,311,HALESOWEN & ROWLEY REGIS,West Midlands,England,0.3606842984005614,0.1259225203861882,0.4656277978077286,,,,,,,0.04776538340552181,41327
254,409,HALIFAX,Yorkshire and the Humber,England,0.3318792707834287,0.17902619834085579,0.41803878060465466,,,,,,,0.0710557502710608,39659
255,373,HALTEMPRICE & HOWDEN,Yorkshire and the Humber,England,0.474546628078869,0.36802764996148163,0.12708988319556935,,,,,,,0.030335838764080036,48029
256,429,HALTON,North West,England,0.20050902495392448,0.17169353187256822,0.6277974431735073,,,,,,,,34183
257,174,HAMMERSMITH & FULHAM,London,England,0.45425426237152067,0.14426176333448212,0.35230198471425384,,,,,,,0.049181989579743346,49327
258,175,HAMPSTEAD & HIGHGATE,London,England,0.2851753857438504,0.26964084562387025,0.38286223246797474,,,,,,,0.062321536164304615,38173
259,337,HARBOROUGH,East Midlands,England,0.42852969408622343,0.3473143858770502,0.19243771128083134,,,,,,,0.031718208755895,47922
260,37,HARLOW,Eastern,England,0.4116477487227242,0.12589031787179422,0.4140890443711776,,,,,,,0.04837288903430398,39733
261,378,HARROGATE & KNARESBOROUGH,Yorkshire and the Humber,England,0.3192869475943814,0.5626254141583835,0.08462830743385133,,,,,,,0.03345933081338373,42858
262,176,HARROW EAST,London,England,0.3682387895244279,0.15243098597091867,0.46130688861342306,,,,,,,0.018023335891230348,50823
263,177,HARROW WEST,London,England,0.38254569819301076,0.171444125714525,0.42500889884629073,,,,,,,0.021001277246173497,47759
264,500,HARTLEPOOL,North East,England,0.1145163110960605,0.30401286826955637,0.5150412010384919,,,,,,,0.06642961959589118,35436
265,38,HARWICH,Eastern,England,0.4212624980161879,0.11730280907792413,0.4030114267576575,,,,,,,0.058423266148230436,50408
266,26,HASTINGS & RYE,South East,England,0.37394195888754533,0.1506604036833783,0.4210538554553065,,,,,,,0.054343781973769885,43004
267,53,HAVANT,South East,England,0.44424560470121643,0.2021232860148485,0.28686126091267444,,,,,,,0.06676984837126067,41351
268,178,HAYES & HARLINGTON,London,England,0.2519991355089691,0.09799623328907962,0.5868967859458458,,,,,,,0.06310784525610547,32389
269,445,HAZEL GROVE,North West,England,0.29672520898841936,0.4947976583071299,0.17470664928292046,,,,,,,0.03377048342153028,39117
270,65,HEMEL HEMPSTEAD,Eastern,England,0.4033285216948289,0.17171181115734058,0.3927358410461068,,,,,,,0.032223826101723696,47108
271,410,HEMSWORTH,Yorkshire and the Humber,England,0.22148836703631225,0.15671885192433138,0.5878995433789954,,,,,,,0.033893237660360946,36792
272,179,HENDON,London,England,0.379956499916346,0.13936757570687636,0.4444656899065465,,,,,,,0.036210234470231126,41839
273,94,HENLEY,South East,England,0.5349291961235146,0.2600296538238391,0.1474525646259965,,,,,,,0.05758858542664976,46537
274,266,HEREFORD,West Midlands,England,0.4120569795709472,0.4325713310871327,0.10235851068366955,,,,,,,0.053013178658250525,46894
275,66,HERTFORD & STORTFORD,Eastern,England,0.5045882637044192,0.18371166384931176,0.2410247122273203,,,,,,,0.07067536021894873,49692
276,67,HERTSMERE,Eastern,England,0.5323921826552663,0.1836183406934135,0.2718218547402048,,,,,,,0.012167621911115287,42572
277,515,HEXHAM,North East,England,0.4240840218726664,0.2571001854840652,0.3031580468768819,,,,,,,0.015657745766386434,41513
278,446,HEYWOOD & MIDDLETON,North West,England,0.21394003021534838,0.18592681740199216,0.4977338488720457,,,,,,,0.10239930351061378,39053
279,330,HIGH PEAK,East Midlands,England,0.3815639440676949,0.20004400968213007,0.39626717877933143,,,,,,,0.022124867470843586,49989
280,68,HITCHIN & HARPENDEN,Eastern,England,0.4985966615316437,0.258172072509338,0.22155865532741048,,,,,,,0.021672610631607823,47387
281,180,HOLBORN & ST PANCRAS,London,England,0.18865508309322157,0.2930818708344248,0.4324049011903722,,,,,,,0.08585814488198143,34359
282,181,HORNCHURCH,London,England,0.4284890880033535,0.07582069218475726,0.41591343760643457,,,,,,,0.07977678220545469,38169
283,182,HORNSEY & WOOD GREEN,London,England,0.12706528628776675,0.4333826325797591,0.3827804774984154,,,,,,,0.05677160363405874,47330
284,115,HORSHAM,South East,England,0.49986237269474265,0.2681530415634462,0.17102486466648317,,,,,,,0.06095972107532801,54495
285,519,HOUGHTON & WASHINGTON EAST,North East,England,0.13754539689859918,0.18000230587421456,0.643050671585865,,,,,,,0.03940162564132126,34694
286,27,HOVE,South East,England,0.3653451201000089,0.17863202071613538,0.37472095722832394,,,,,,,0.08130190195553175,44796
287,411,HUDDERSFIELD,Yorkshire and the Humber,England,0.21742987979393247,0.22867773325701202,0.4676874642243847,,,,,,,0.08620492272467087,34940
288,119,HUNTINGDON,Eastern,England,0.5083368308596283,0.263249265519478,0.18735930405585868,,,,,,,0.04105459956503491,52418
289,469,HYNDBURN,North West,England,0.31810692286243,0.1413724048771832,0.4597328195898502,,,,,,,0.08078785267053665,39449
290,183,ILFORD NORTH,London,England,0.4367674418604651,0.13711627906976745,0.39832558139534885,,,,,,,0.027790697674418604,43000
291,184,ILFORD SOUTH,London,England,0.27236315086782376,0.20520928489447918,0.4885109971189656,,,,,,,0.03391656711873141,42693
292,S14000038,INVERCLYDE,Scotland,Scotland,0.10227713446728351,0.16962158568341737,0.5074519363953681,0.19555100005540474,,,,,,0.025098343398526235,36098
293,S14000039,"INVERNESS, NAIRN, BADENOCH & STRATHSPEY",Scotland,Scotland,0.1034685346288555,0.40289232855044627,0.3091628064625466,0.13539713026776634,,,,,,0.049079200090385265,44255
294,135,IPSWICH,Eastern,England,0.31052103729882036,0.2021108935479249,0.43784325899040066,,,,,,,0.049524810162854004,41878
295,75,ISLE OF WIGHT,South East,England,0.4894603773020361,0.2953039211286148,0.17180557425609264,,,,,,,0.043430127313256434,66843
296,185,ISLINGTON NORTH,London,England,0.11875277830697911,0.29853305391503143,0.5117800215914142,,,,,,,0.07093414618657522,31494
297,186,ISLINGTON SOUTH & FINSBURY,London,England,0.14838022027712283,0.3830948612770905,0.3987274312845192,,,,,,,0.06979748716126741,30961
298,542,ISLWYN,Wales,Wales,0.10879637129434634,0.1254819374696258,0.6378422161023813,,0.12787947513364653,,,,,,30865
299,520,JARROW,North East,England,0.1414738948731532,0.19571487433044912,0.6049208311260227,,,,,,,0.057890399670374945,33978
300,412,KEIGHLEY,Yorkshire and the Humber,England,0.3426325790291933,0.11841423389186388,0.44740024183796856,,,,,,,0.09155294524097427,46312
301,187,KENSINGTON & CHELSEA,London,England,0.5790145519530253,0.1827291294357927,0.1761871330099566,,,,,,,0.06206918560122543,31336
302,353,KETTERING,East Midlands,England,0.4564748589296625,0.12367465765733386,0.3971534342091076,,,,,,,0.022697049203896057,55646
303,S14000040,KILMARNOCK & LOUDOUN,Scotland,Scotland,0.11324155645179461,0.11141653335736657,0.47261338800892233,0.27652479552981996,,,,,,0.026203726652096523,44383
304,188,KINGSTON & SURBITON,London,England,0.3302713567839196,0.5104924623115578,0.13171859296482413,,,,,,,0.027517587939698492,49750
305,374,KINGSTON UPON HULL EAST,Yorkshire and the Humber,England,0.13296060664481718,0.18835550414497784,0.56580553948975,,,,,,,0.11287834972045499,31122
306,375,KINGSTON UPON HULL NORTH,Yorkshire and the Humber,England,0.1291914548404543,0.27085586803677664,0.5193347755543537,,,,,,,0.08061790156841536,29584
307,376,KINGSTON UPON HULL WEST & HESSLE,Yorkshire and the Humber,England,0.20738370839025091,0.21047523186426054,0.5501833345315983,,,,,,,0.03195772521389029,27818
308,219,KINGSWOOD,South West,England,0.3306281188400135,0.16140718509705032,0.4704409440429046,,,,,,,0.03752375202003161,56311
309,S14000041,KIRKCALDY & COWDENBEATH,Scotland,Scotland,0.1030720643123744,0.13039525313427122,0.5808689826777682,0.14503780266054167,,,,,,0.040625897215044504,41796
310,481,KNOWSLEY NORTH & SEFTON EAST,North West,England,0.13666909561978788,0.19410034275227378,0.6331741019620544,,,,,,,0.03605645966588401,37053
311,482,KNOWSLEY SOUTH,North West,England,0.1232576007024476,0.1956975085062013,0.6810448907913511,,,,,,,,36444
312,650,LAGAN VALLEY,Northern Ireland,Northern Ireland,,,,,,0.5470497040308184,0.07509630743211501,0.06102602649628864,0.21544677252654326,0.1013811895142347,42572
313,S14000042,LANARK & HAMILTON EAST,Scotland,Scotland,0.1279221822019317,0.1864002385923054,0.46048314941843127,0.17770538438596895,,,,,,0.04748904540136273,43589
314,470,LANCASTER & WYRE,North West,England,0.42769059372658996,0.16236722306525037,0.3475730393192601,,,,,,,0.06236914388889956,52061
315,413,LEEDS CENTRAL,Yorkshire and the Humber,England,0.13242650585897348,0.19392859590214487,0.6004933872404578,,,,,,,0.0731515109984239,29186
316,414,LEEDS EAST,Yorkshire and the Humber,England,0.18475911826312463,0.20683578814376433,0.5917810951890149,,,,,,,0.016623998404096153,30077
317,415,LEEDS NORTH EAST,Yorkshire and the Humber,England,0.32242506089179346,0.20322183905274074,0.44932114693611785,,,,,,,0.025031953119347916,41467
318,416,LEEDS NORTH WEST,Yorkshire and the Humber,England,0.25743105723423765,0.3715416787815079,0.3295609581534745,,,,,,,0.0414663058307799,44711
319,417,LEEDS WEST,Yorkshire and the Humber,England,0.14256057415700346,0.17479759186215488,0.55470209674071,,,,,,,0.1279397372401317,33719
320,338,LEICESTER EAST,East Midlands,England,0.1970415920205297,0.1707258025468455,0.5813925337723334,,,,,,,0.05084007166029148,41306
321,339,LEICESTER SOUTH,East Midlands,England,0.17799627455141354,0.3058404659168612,0.3934828228525618,,,,,,,0.12268043667916342,42411
322,340,LEICESTER WEST,East Midlands,England,0.24422104502769082,0.17466289429328197,0.517216470021671,,,,,,,0.06389959065735613,33224
323,447,LEIGH,North West,England,0.15964152598114448,0.13598991449243586,0.6330026310019733,,,,,,,0.0713659285244464,36488
324,267,LEOMINSTER,West Midlands,England,0.5207099379009285,0.2504457606623901,0.15215297276248643,,,,,,,0.07669132867419506,48793
325,28,LEWES,South East,England,0.3415964942429971,0.5236294896030246,0.08955576559546313,,,,,,,0.04521825055851521,46552
326,189,LEWISHAM EAST,London,England,0.2413338901917949,0.21804221415491373,0.4582195521572911,,,,,,,0.08240434349600026,31127
327,190,LEWISHAM WEST,London,England,0.20035710929423925,0.20922219089684554,0.5203458321586317,,,,,,,0.07007486765028349,31923
328,191,"LEWISHAM, DEPTFORD",London,England,0.12414042707202316,0.16750567564899813,0.5561148948771099,,,,,,,0.15223900240186886,30393
329,192,LEYTON & WANSTEAD,London,England,0.2221988458764126,0.25177326280355855,0.45786246693916804,,,,,,,0.06816542438086079,33272
330,280,LICHFIELD,West Midlands,England,0.4863295537673738,0.1555413313825896,0.32447878566203364,,,,,,,0.033650329188002925,43744
331,347,LINCOLN,East Midlands,England,0.32856716498901156,0.18219062864584745,0.45375369671975474,,,,,,,0.035488509645386225,36857
332,S14000043,LINLITHGOW & EAST FALKIRK,Scotland,Scotland,0.11826079458492315,0.15305352562029792,0.47685873806290285,0.23537907693634266,,,,,,0.016447864795533423,46389
333,483,"LIVERPOOL, GARSTON",North West,England,0.09790129810716532,0.3347343741064791,0.5404014410705095,,,,,,,0.026962886715846058,34974
334,484,"LIVERPOOL, RIVERSIDE",North West,England,0.09114808758936872,0.24805232278541886,0.575518579077298,,,,,,,0.08528101054791447,31191
335,485,"LIVERPOOL, WALTON",North West,England,0.05925528105979234,0.15628356605800214,0.7276047261009667,,,,,,,0.05685642678123881,27930
336,486,"LIVERPOOL, WAVERTREE",North West,England,0.06627619345483494,0.37724261465411846,0.5243240169457792,,,,,,,0.03215717494526741,35171
337,487,"LIVERPOOL, WEST DERBY",North West,England,0.08426339285714286,0.1285123424369748,0.6282825630252101,,,,,,,0.15894170168067226,30464
338,S14000044,LIVINGSTON,Scotland,Scotland,0.10147281051943072,0.15409251866386992,0.5110178857387735,0.2156212644067032,,,,,,0.01779552067122268,44337
339,539,LLANELLI,Wales,Wales,0.13705296514259846,0.1287347215934812,0.46944318696242643,,0.2647691263014939,,,,,,35344
340,341,LOUGHBOROUGH,East Midlands,England,0.370654529692241,0.1789770264412657,0.41391417425227567,,,,,,,0.0364542696142176,46140
341,348,LOUTH & HORNCASTLE,East Midlands,England,0.4657798342008868,0.20307178201915044,0.2537968853758327,,,,,,,0.07735149840412998,46683
342,273,LUDLOW,West Midlands,England,0.45077352814782984,0.40721959604641167,0.10687580575848732,,,,,,,0.035131070047271167,46540
343,2,LUTON NORTH,Eastern,England,0.3214303972189561,0.15543683860743315,0.48724502837278255,,,,,,,0.03588773580082818,39122
344,3,LUTON SOUTH,Eastern,England,0.2816177604193432,0.2255511588468061,0.42679479932165065,,,,,,,0.06603628141220001,38918
345,430,MACCLESFIELD,North West,England,0.49599964928432083,0.19548015168453126,0.2899322680344578,,,,,,,0.018587930996690122,45621
346,8,MAIDENHEAD,South East,England,0.5084405670665213,0.3725408942202835,0.09038167938931298,,,,,,,0.028636859323882224,45850
347,85,MAIDSTONE & THE WEALD,South East,England,0.5265101015280484,0.22167982770997846,0.22180289201107578,,,,,,,0.030007178750897343,48755
348,448,MAKERFIELD,North West,England,0.12211916807195053,0.10649241146711635,0.6322091062394604,,,,,,,0.13917931422147273,35580
349,39,MALDON & EAST CHELMSFORD,Eastern,England,0.5148944479399449,0.20112386366101842,0.24210800373174807,,,,,,,0.04187368466728862,46091
350,450,MANCHESTER CENTRAL,North West,England,0.08556588299617277,0.24661700382722798,0.5806793329688354,,,,,,,0.0871377802077638,29264
351,449,"MANCHESTER, BLACKLEY",North West,England,0.13373926280308795,0.18701750570838316,0.6229205175600739,,,,,,,0.056322713928454934,27591
352,451,"MANCHESTER, GORTON",North West,England,0.09779212306424476,0.33210864265357276,0.5315386464306562,,,,,,,0.03856058785152629,29123
353,452,"MANCHESTER, WITHINGTON",North West,England,0.10462384537348497,0.4237279085909552,0.4059212985210102,,,,,,,0.06572694751454963,37458
354,361,MANSFIELD,East Midlands,England,0.1837966349670812,0.13888598599644686,0.4807189884000418,,,,,,,0.19659839063643014,38276
355,86,MEDWAY,South East,England,0.41661596865646217,0.12537415131530918,0.4217993332197698,,,,,,,0.03621054680845886,41093
356,549,MEIRIONNYDD NANT CONWY,Wales,Wales,0.16482558139534884,0.1062015503875969,0.1929748062015504,,0.513420542635659,,,,,0.022577519379844962,20640
357,312,MERIDEN,West Midlands,England,0.48203341719889037,0.15295787368556868,0.3313119583682773,,,,,,,0.03369675074726362,46503
358,554,MERTHYR TYDFIL & RHYMNEY,Wales,Wales,0.08940485721910862,0.1399452895649853,0.6047838270616493,,0.09914598345342941,,,,,0.06672004270082733,29976
359,4,MID BEDFORDSHIRE,Eastern,England,0.4630107100357001,0.23780245934153113,0.22512891709639032,,,,,,,0.07405791352637842,50420
360,243,MID DORSET & NORTH POOLE,South West,England,0.3657742642662592,0.4871675634978631,0.11561372041010651,,,,,,,0.031444451825771165,45159
361,126,MID NORFOLK,Eastern,England,0.43051850769174554,0.23729309021814593,0.29239595132824203,,,,,,,0.03979245076186648,54734
362,116,MID SUSSEX,South East,England,0.4801592112175213,0.3611548874611064,0.12688406675556632,,,,,,,0.03180183456580596,49494
363,651,MID ULSTER,Northern Ireland,Northern Ireland,,,,,,0.234777440232466,0.47640117994100295,0.17439351913001364,0.10683309118126183,0.007594769515255581,45426
364,268,MID WORCESTERSHIRE,West Midlands,England,0.5149500280507823,0.20354478774908055,0.2380368608057847,,,,,,,0.04346832339435244,48127
365,501,MIDDLESBROUGH,North East,England,0.1637523335407592,0.18652769135034225,0.5775357809583074,,,,,,,0.07218419415059116,32140
366,502,MIDDLESBROUGH SOUTH & EAST CLEVELAND,North East,England,0.3191367630904431,0.13843372391065545,0.5022198828268034,,,,,,,0.04020963017209813,43696
367,S14000045,MIDLOTHIAN,Scotland,Scotland,0.09380967536600891,0.2622533418204965,0.4549384680670486,0.16974326331423722,,,,,,0.019255251432208784,37704
368,19,MILTON KEYNES SOUTH WEST,South East,England,0.34245768050559855,0.16072263203885467,0.42394683899286717,,,,,,,0.07287284846267959,49209
369,193,MITCHAM & MORDEN,London,England,0.2490468546202468,0.14003712250426406,0.564086485401826,,,,,,,0.046829537473663085,39868
370,103,MOLE VALLEY,South East,England,0.5476070019224931,0.3048264696954366,0.10745724982292826,,,,,,,0.04010927855914196,49415
371,543,MONMOUTH,Wales,Wales,0.4686658050949554,0.12818434714038507,0.3695047422951394,,0.021751034981271768,,,,,0.011894070488248308,45653
372,559,MONTGOMERYSHIRE,Wales,Wales,0.27398079542811576,0.5123101970296042,0.11476226866465096,,0.06904342625510848,,,,,0.029903312622520516,30097
373,S14000046,MORAY,Scotland,Scotland,0.21962725233933958,0.19230273502951564,0.20413476658159976,0.36594230917949117,,,,,,0.017992936870053877,38793
374,471,MORECAMBE & LUNESDALE,North West,England,0.3737960850246187,0.13788879548456828,0.488315119490813,,,,,,,,41635
375,418,MORLEY & ROTHWELL,Yorkshire and the Humber,England,0.1935992469702318,0.16046593716907873,0.4840569478762207,,,,,,,0.16187786798446877,42495
376,S14000047,MOTHERWELL & WISHAW,Scotland,Scotland,0.09269988412514485,0.12029426823681587,0.574712333935164,0.16451534668139806,,,,,,0.04777816702147727,37109
377,S14000027,NA H-EILEANAN AN IAR,Scotland,Scotland,0.04408788667244869,0.07921364556230125,0.34489736918184444,0.44904596704249783,,,,,,0.08275513154090777,13836
378,567,NEATH,Wales,Wales,0.11547589133651617,0.1427255214004523,0.5258676047686852,,0.17100818047295976,,,,,0.044922802021386495,35817
379,54,NEW FOREST EAST,South East,England,0.4857963965955565,0.3409749088095501,0.1214104122913673,,,,,,,0.05181828230352603,45235
380,55,NEW FOREST WEST,South East,England,0.564482167278095,0.18926780558751383,0.164760023444114,,,,,,,0.0814900036902772,46067
381,362,NEWARK,East Midlands,England,0.4802608543417367,0.15922619047619047,0.3388042717086835,,,,,,,0.021708683473389355,45696
382,9,NEWBURY,South East,England,0.48965668611563296,0.4263713350282589,0.059243136465897246,,,,,,,0.02472884239021089,54673
383,521,NEWCASTLE UPON TYNE CENTRAL,North East,England,0.1600501113585746,0.3404510022271715,0.4513084632516704,,,,,,,0.04819042316258352,35920
384,523,NEWCASTLE UPON TYNE EAST & WALLSEND,North East,England,0.11149693793800114,0.31242502683250206,0.5512342950943873,,,,,,,0.02484374013510954,31678
385,522,NEWCASTLE UPON TYNE NORTH,North East,England,0.15664342940380813,0.31737072104879827,0.5000520237228177,,,,,,,0.025933825824576005,38444
386,281,NEWCASTLE-UNDER-LYME,West Midlands,England,0.24994973358801648,0.1892027747059415,0.4537297677691766,,,,,,,0.10711772393686539,39788
387,544,NEWPORT EAST,Wales,Wales,0.2343754909662215,0.2372663000785546,0.4521288295365279,,0.03836606441476827,,,,,0.03786331500392773,31825
388,545,NEWPORT WEST,Wales,Wales,0.29561737378260383,0.1790551886264413,0.44836561065711406,,0.0357662599350722,,,,,0.04119556699876861,35732
389,652,NEWRY & ARMAGH,Northern Ireland,Northern Ireland,,,,,,0.1836634053968755,0.41354347483036136,0.2518936405239072,0.13857109042133503,0.012328388827520909,50696
390,419,NORMANTON,Yorkshire and the Humber,England,0.24473599828986747,0.16986425823001283,0.511997648567764,,,,,,,0.0734020949123557,37424
391,653,NORTH ANTRIM,Northern Ireland,Northern Ireland,,,,,,0.5477507294343074,0.15657797326133344,0.12160867482471803,0.14451508949179115,0.02954753298785002,45926
392,S14000048,NORTH AYRSHIRE & ARRAN,Scotland,Scotland,0.1837122497455039,0.16432530256758285,0.4392489537382649,0.17957244655581947,,,,,,0.033141047392828867,44205
393,225,NORTH CORNWALL,South West,England,0.37094065949769567,0.4258868922153549,0.11853810153263548,,,,,,,0.08463434675431389,55982
394,231,NORTH DEVON,South West,England,0.36333525900250335,0.45907953013672254,0.08965915655690353,,,,,,,0.0879260543038706,51930
395,244,NORTH DORSET,South West,England,0.44900123071097225,0.40651330114550793,0.08702073274637886,,,,,,,0.05746473539714096,52815
396,654,NORTH DOWN,Northern Ireland,Northern Ireland,0.025456797770207495,,,,,0.35069681015794363,0.006348714772375349,0.031248064416227933,0.5038092288634252,0.08244038401982037,32290
397,510,NORTH DURHAM,North East,England,0.1675905840764843,0.1915053158726333,0.6409041000508824,,,,,,,,37341
398,5,NORTH EAST BEDFORDSHIRE,Eastern,England,0.49944450055549944,0.20846379153620848,0.251974548025452,,,,,,,0.04011715988284012,49505
399,120,NORTH EAST CAMBRIDGESHIRE,Eastern,England,0.47528352693751597,0.1708630618943727,0.3003321736737622,,,,,,,0.053521237494349116,50877
400,331,NORTH EAST DERBYSHIRE,East Midlands,England,0.26133904314592254,0.2028825344200396,0.4930699452042179,,,,,,,0.042708477229819956,43434
401,S14000049,NORTH EAST FIFE,Scotland,Scotland,0.19496317045336653,0.5210084033613446,0.1276065981948335,0.10403050108932461,,,,,,0.052391326901130825,38556
402,56,NORTH EAST HAMPSHIRE,South East,England,0.5372935479095735,0.2719140567174911,0.16135512931672552,,,,,,,0.029437266056209953,47287
403,69,NORTH EAST HERTFORDSHIRE,Eastern,England,0.47287541689534346,0.2141892177143581,0.2799848017900114,,,,,,,0.03295056360028708,47374
404,20,NORTH EAST MILTON KEYNES,South East,England,0.3926632604183299,0.19537362286444196,0.3594323806482516,,,,,,,0.05253073606897653,50104
405,40,NORTH ESSEX,Eastern,England,0.4756354386038074,0.2049875935695073,0.24829541900373236,,,,,,,0.07108154882295294,47959
406,127,NORTH NORFOLK,Eastern,England,0.354600186551344,0.5344696006105317,0.09237683371491563,,,,,,,0.018553379123208685,58965
407,274,NORTH SHROPSHIRE,West Midlands,England,0.49582885400989035,0.19726940442915503,0.25889056116964093,,,,,,,0.0480111803913137,46510
408,194,NORTH SOUTHWARK & BERMONDSEY,London,England,0.12518770252114123,0.4708764719829289,0.3284596538370347,,,,,,,0.07547617165889513,37959
409,260,NORTH SWINDON,South West,England,0.37965912888492814,0.15218892725854963,0.4369388437117077,,,,,,,0.031213100144814526,44885
410,87,NORTH THANET,South East,England,0.49618128601481754,0.14357907253269916,0.32161803713527853,,,,,,,0.038621604317204794,43732
411,524,NORTH TYNESIDE,North East,England,0.2123771623487371,0.16816914372343594,0.619453693927827,,,,,,,,36939
412,290,NORTH WARWICKSHIRE,West Midlands,England,0.319734123010716,0.13234197575576812,0.4806450925669486,,,,,,,0.06727880866656724,46939
413,121,NORTH WEST CAMBRIDGESHIRE,Eastern,England,0.4584046280453027,0.2287949156685407,0.2581072272468019,,,,,,,0.05469322903935468,49092
414,511,NORTH WEST DURHAM,North East,England,0.16358298109291552,0.19916980941051407,0.5394213976562302,,,,,,,0.09782581184034017,39509
415,57,NORTH WEST HAMPSHIRE,South East,England,0.507266166000195,0.24853213693553106,0.2066517116941383,,,,,,,0.03754998537013557,51265
416,342,NORTH WEST LEICESTERSHIRE,East Midlands,England,0.36003394145099704,0.12053457785320322,0.45500636402206196,,,,,,,0.0644251166737378,47140
417,128,NORTH WEST NORFOLK,Eastern,England,0.5028924559221307,0.1387194219036901,0.3216450472862248,,,,,,,0.03674307488795435,50649
418,261,NORTH WILTSHIRE,South West,England,0.46881075970817504,0.3742173703644245,0.12118941866894989,,,,,,,0.035782451258450615,56061
419,354,NORTHAMPTON NORTH,East Midlands,England,0.3078624429223744,0.24536244292237444,0.4020405251141553,,,,,,,0.04473458904109589,42048
420,355,NORTHAMPTON SOUTH,East Midlands,England,0.4371799342890182,0.15284227528863273,0.3560690883060149,,,,,,,0.05390870211633413,54481
421,220,NORTHAVON,South West,England,0.3359353833649418,0.5227580601463018,0.10628894608507179,,,,,,,0.03501761040368464,59056
422,129,NORWICH NORTH,Eastern,England,0.3324899538621819,0.16192885846108052,0.4485573958709842,,,,,,,0.057023791805753406,47033
423,130,NORWICH SOUTH,Eastern,England,0.22675989570988386,0.29037686655605593,0.37696136525242946,,,,,,,0.10590187248163072,42190
424,363,NOTTINGHAM EAST,East Midlands,England,0.22684523611711144,0.22757635173307633,0.4581768635140075,,,,,,,0.08740154863580472,30091
425,364,NOTTINGHAM NORTH,East Midlands,England,0.18665042951650593,0.17081920810979825,0.5872362834479807,,,,,,,0.055294078925715036,30383
426,365,NOTTINGHAM SOUTH,East Midlands,England,0.25889781859931116,0.22850172215843859,0.4737657864523536,,,,,,,0.03883467278989667,34840
427,291,NUNEATON,West Midlands,England,0.3901280918727915,0.1299469964664311,0.4404814487632509,,,,,,,0.0394434628975265,45280
428,S14000050,OCHIL & SOUTH PERTHSHIRE,Scotland,Scotland,0.21459622673833437,0.13315630554425337,0.31361757714628347,0.29888429663575816,,,,,,0.03974559393537058,46697
429,555,OGMORE,Wales,Wales,0.1401347513045776,0.15166127221084616,0.604234097364423,,0.10396987912015325,,,,,,30278
430,195,OLD BEXLEY & SIDCUP,London,England,0.4978686170690119,0.14726734272637532,0.2753073678542583,,,,,,,0.07955667235035448,44572
431,453,OLDHAM EAST & SADDLEWORTH,North West,England,0.1821892222196601,0.3315424170452187,0.41432425577051674,,,,,,,0.07194410496460442,43367
432,454,OLDHAM WEST & ROYTON,North West,England,0.21292795910760876,0.2001757094936372,0.4912411479686918,,,,,,,0.0956551834300623,37562
433,S14000051,ORKNEY & SHETLAND,Scotland,Scotland,0.13284860782324429,0.5150490361853229,0.1415285762597227,0.10331416976665539,,,,,,0.10725960996505467,17742
434,196,ORPINGTON,London,England,0.48814265356085795,0.39776007600394636,0.08977966163627726,,,,,,,0.024317608798918405,54734
435,95,OXFORD EAST,South East,England,0.16731275424742761,0.3455850681981335,0.36862885857860733,,,,,,,0.11847331897583153,41790
436,96,OXFORD WEST & ABINGDON,South East,England,0.31659695817490496,0.4626615969581749,0.16587452471482889,,,,,,,0.054866920152091256,52600
437,S14000052,PAISLEY & RENFREWSHIRE NORTH,Scotland,Scotland,0.1361379479026538,0.1825608413843708,0.4573070808364926,0.18823529411764706,,,,,,0.03575883575883576,40885
438,S14000053,PAISLEY & RENFREWSHIRE SOUTH,Scotland,Scotland,0.08420496566296884,0.1762282091917591,0.5257263602746962,0.17572636027469624,,,,,,0.03811410459587956,37860
439,472,PENDLE,North West,England,0.3177574637751629,0.2316444617329573,0.37075756102304774,,,,,,,0.07984051346883206,41132
440,497,PENRITH & THE BORDER,North West,England,0.5129047395588925,0.2589906573951623,0.1910754660637345,,,,,,,0.03702913698221066,46882
441,S14000054,PERTH & NORTH PERTHSHIRE,Scotland,Scotland,0.3036795123013281,0.16118005660788157,0.18726322664924885,0.3367951230132811,,,,,,0.011082081428260396,45930
442,122,PETERBOROUGH,Eastern,England,0.42141539656344046,0.16687700223279292,0.3549169983496748,,,,,,,0.056790602854091835,41204
443,232,"PLYMOUTH, DEVONPORT",South West,England,0.25013686239973343,0.19041725180301336,0.4430057363197106,,,,,,,0.11644014947754266,42013
444,233,"PLYMOUTH, SUTTON",South West,England,0.2981776288227901,0.22740364474235442,0.40576560536237954,,,,,,,0.06865312107247591,38192
445,420,PONTEFRACT & CASTLEFORD,Yorkshire and the Humber,England,0.17382462743193614,0.11964670531459617,0.6365678210459222,,,,,,,0.06996084620754545,32947
446,556,PONTYPRIDD,Wales,Wales,0.13425341878185396,0.19498410455669374,0.5278044103547459,,0.11152041176767422,,,,,0.03143765453903214,39634
447,245,POOLE,South West,England,0.43371263545034927,0.28590822698886775,0.23143188606126427,,,,,,,0.048947251499518674,40513
448,197,POPLAR & CANNING TOWN,London,England,0.21786721353499103,0.1389387336580364,0.4006152268649064,,,,,,,0.24257882594206615,39010
449,58,PORTSMOUTH NORTH,South East,England,0.3784235225495135,0.1772145186520667,0.4086221067423178,,,,,,,0.03573985205610202,37717
450,59,PORTSMOUTH SOUTH,South East,England,0.3389557636102442,0.4222271759052856,0.2158319710704909,,,,,,,0.022985089413979292,40374
451,540,PRESELI PEMBROKESHIRE,Wales,Wales,0.3655635317594008,0.1286184466271024,0.3498328452587659,,0.12315028377432814,,,,,0.03283489258040272,38587
452,473,PRESTON,North West,England,0.22895454945570845,0.16727795545905344,0.5049734456148587,,,,,,,0.0987940494703794,34081
453,421,PUDSEY,Yorkshire and the Humber,England,0.33138833864438894,0.18411420204978038,0.4577771079149083,,,,,,,0.026720351390922402,46444
454,198,PUTNEY,London,England,0.42371630119757203,0.1630940012030404,0.3754306337835621,,,,,,,0.03775906381582545,36574
455,41,RAYLEIGH,Eastern,England,0.554391357997965,0.16032732232156388,0.23559846730024028,,,,,,,0.04968285238023077,46193
456,10,READING EAST,South East,England,0.35427673528875936,0.24182455820732374,0.343459646565859,,,,,,,0.06043905993805793,43912
457,11,READING WEST,South East,England,0.3386457022064936,0.15825475619314539,0.4498491793933924,,,,,,,0.053250362206968625,42103
458,503,REDCAR,North East,England,0.1789454723244384,0.20205347263323126,0.5138313476235815,,,,,,,0.10516970741874887,38861
459,269,REDDITCH,West Midlands,England,0.37963813258544093,0.13903849494924425,0.4470477277803976,,,,,,,0.03427564468491723,40291
460,199,REGENT'S PARK & KENSINGTON NORTH,London,England,0.29658308751229107,0.18606194690265487,0.4472959685349066,,,,,,,0.0700589970501475,40680
461,104,REIGATE,South East,England,0.4901772092477409,0.232273207370027,0.20880178382818917,,,,,,,0.06874779955404295,42605
462,557,RHONDDA,Wales,Wales,0.05554128675998459,0.10479003467317324,0.6805573391550019,,0.15911133941184025,,,,,,31148
463,474,RIBBLE VALLEY,North West,England,0.5191094321424266,0.2343567897761524,0.2195072941365591,,,,,,,0.027026483944861953,49766
464,379,RICHMOND (YORKS),Yorkshire and the Humber,England,0.5911946902654868,0.1765929203539823,0.19723451327433628,,,,,,,0.03497787610619469,45200
465,200,RICHMOND PARK,London,England,0.39475220928874527,0.46737649394635417,0.09280959240082531,,,,,,,0.045061704364075215,51374
466,455,ROCHDALE,North West,England,0.10456459986286609,0.41108335782153005,0.4002595748849055,,,,,,,0.0840924674306984,40836
467,42,ROCHFORD & SOUTHEND EAST,Eastern,England,0.45289616378655045,0.1511934323214919,0.31378908427507224,,,,,,,0.08212131961688542,39466
468,201,ROMFORD,London,England,0.5909763719094348,0.08404144509621184,0.27331286661915466,,,,,,,0.051669316375198726,36482
469,60,ROMSEY,South East,England,0.4440380831229751,0.4465226292460893,0.0880523146031683,,,,,,,0.02138697302776729,50311
470,S14000055,"ROSS, SKYE & LOCHABER",Scotland,Scotland,0.10065154588481161,0.587005962259512,0.14908722109533468,0.0958571516380847,,,,,,0.06739811912225706,32538
471,475,ROSSENDALE & DARWEN,North West,England,0.34649053716497513,0.15010014177374711,0.42921439341089634,,,,,,,0.07419492765038144,44437
472,392,ROTHER VALLEY,Yorkshire and the Humber,England,0.1936194454994303,0.158804912014179,0.5537662995315863,,,,,,,0.0938093429548044,39495
473,393,ROTHERHAM,Yorkshire and the Humber,England,0.16565481352992195,0.17209286810327573,0.528387484155047,,,,,,,0.1338648342117553,29978
474,292,RUGBY & KENILWORTH,West Midlands,England,0.4122404486875187,0.17833219051637744,0.383617279392373,,,,,,,0.025810081403730856,56877
475,202,RUISLIP - NORTHWOOD,London,England,0.4774136627174187,0.2528106881774641,0.2098058986639778,,,,,,,0.0599697504411394,39670
476,105,RUNNYMEDE & WEYBRIDGE,South East,England,0.5138774009741751,0.17854517048065435,0.23014888337468983,,,,,,,0.07742854517048066,43524
477,366,RUSHCLIFFE,East Midlands,England,0.4954449397098258,0.17426435332350695,0.26504590577329473,,,,,,,0.06524480119337252,56311
478,S14000056,RUTHERGLEN & HAMILTON WEST,Scotland,Scotland,0.08370125517209495,0.18358336608030326,0.5560204341092438,0.13922470585515823,,,,,,0.03747023878319965,43261
479,343,RUTLAND & MELTON,East Midlands,England,0.5120728836945053,0.18571950328707085,0.24971593214836457,,,,,,,0.052491680870059246,49284
480,380,RYEDALE,Yorkshire and the Humber,England,0.48166364460562106,0.2443789664551224,0.2073436083408885,,,,,,,0.06661378059836809,44120
481,43,SAFFRON WALDEN,Eastern,England,0.5142021878536401,0.26886080724254996,0.16512636740852507,,,,,,,0.0518106374952848,53020
482,456,SALFORD,North West,England,0.15221238938053097,0.22398230088495574,0.5755309734513274,,,,,,,0.048274336283185844,22600
483,262,SALISBURY,South West,England,0.4779095025956334,0.27279923419609,0.17409152829424543,,,,,,,0.07519973491403115,54322
484,381,SCARBOROUGH & WHITBY,Yorkshire and the Humber,England,0.410300136425648,0.15976722373806276,0.3837610845839018,,,,,,,0.04617155525238745,46912
485,377,SCUNTHORPE,Yorkshire and the Humber,England,0.25691893215772715,0.17009551800146952,0.5313188831741367,,,,,,,0.041666666666666664,32664
486,512,SEDGEFIELD,North East,England,0.14396258708386567,0.11896439505339537,0.588891835209604,,,,,,,0.148181182653135,41483
487,382,SELBY,Yorkshire and the Humber,England,0.4216255304572875,0.14786199547089382,0.4305124740718187,,,,,,,,52549
488,88,SEVENOAKS,South East,England,0.518199454940182,0.21864751258718648,0.21019446625710195,,,,,,,0.052958566215529586,43298
489,396,SHEFFIELD CENTRAL,Yorkshire and the Humber,England,0.10318492579623145,0.26329831582457897,0.49858262464565617,,,,,,,0.13493413373353344,29985
490,394,"SHEFFIELD, ATTERCLIFFE",Yorkshire and the Humber,England,0.143953105162214,0.16972365542018963,0.601042707798698,,,,,,,0.0852805316188984,37019
491,395,"SHEFFIELD, BRIGHTSIDE",Yorkshire and the Humber,England,0.08952860449064111,0.13122741483616873,0.6852084940517277,,,,,,,0.09403548662146251,24629
492,397,"SHEFFIELD, HALLAM",Yorkshire and the Humber,England,0.29752393202562644,0.5122813960966681,0.12640067281767137,,,,,,,0.06379399906003413,40427
493,398,"SHEFFIELD, HEELEY",Yorkshire and the Humber,England,0.1462763617164814,0.2063473440295662,0.5398468893907841,,,,,,,0.10752940486316839,34093
494,399,"SHEFFIELD, HILLSBOROUGH",Yorkshire and the Humber,England,0.15016127626187778,0.26662889024496556,0.5116598378519746,,,,,,,0.07154999564118211,45884
495,367,SHERWOOD,East Midlands,England,0.34323068107052657,0.13549249740008915,0.48441114671986757,,,,,,,0.03686567480951673,47117
496,422,SHIPLEY,Yorkshire and the Humber,England,0.39038308228087104,0.14723282843116686,0.3815298116057567,,,,,,,0.08085427768220535,47666
497,275,SHREWSBURY & ATCHAM,West Midlands,England,0.3769683473834897,0.2283879433752187,0.3410211547637983,,,,,,,0.05362255447749324,50296
498,89,SITTINGBOURNE & SHEPPEY,South East,England,0.41594980761218536,0.127024973653898,0.4178859397593314,,,,,,,0.039139278974585204,40803
499,383,SKIPTON & RIPON,Yorkshire and the Humber,England,0.4968231032639892,0.26681973832663647,0.18592268561588252,,,,,,,0.050434472793491815,50521
500,349,SLEAFORD & NORTH HYKEHAM,East Midlands,England,0.5029308762664569,0.18184542202745474,0.2649961608330056,,,,,,,0.05022754087308276,53397
501,12,SLOUGH,South East,England,0.2605742013748484,0.1547108774767489,0.4722199757379701,,,,,,,0.11249494541043267,37095
502,313,SOLIHULL,West Midlands,England,0.3941085389864852,0.3994418213445989,0.1540343700418634,,,,,,,0.05241526962705255,52313
503,255,SOMERTON & FROME,South West,England,0.4241432849062881,0.439151972200658,0.10840634357325053,,,,,,,0.028298399319803335,54102
504,655,SOUTH ANTRIM,Northern Ireland,Northern Ireland,,,,,,0.38219564243749504,0.11610506625918803,0.12398240113812999,0.2913560081144453,0.08636088205074163,37957
505,123,SOUTH CAMBRIDGESHIRE,Eastern,England,0.4497036924479562,0.2977321075824343,0.19353061844704453,,,,,,,0.05903358152256496,52648
506,332,SOUTH DERBYSHIRE,East Midlands,England,0.3641705481906127,0.1361519168756718,0.44469724113221065,,,,,,,0.054980293801504834,55820
507,246,SOUTH DORSET,South West,England,0.37911658159064715,0.15739749711839288,0.4164128108019101,,,,,,,0.04707311048904989,48584
508,656,SOUTH DOWN,Northern Ireland,Northern Ireland,,,,,,0.18297112730140938,0.2577370944641634,0.44745417938020215,0.099113684953401,0.012723913900824045,48177
509,124,SOUTH EAST CAMBRIDGESHIRE,Eastern,England,0.47046022119158043,0.3166250445950767,0.21291473421334284,,,,,,,,56060
510,226,SOUTH EAST CORNWALL,South West,England,0.3456926386680385,0.4674211953979983,0.11353474885417641,,,,,,,0.07335141707978673,53455
511,350,SOUTH HOLLAND & THE DEEPINGS,East Midlands,England,0.5708719351696409,0.1294120085390371,0.24381852473626398,,,,,,,0.05589753155505814,48249
512,131,SOUTH NORFOLK,Eastern,England,0.44763794214399566,0.2987248618035066,0.22487876013158342,,,,,,,0.028758435920914302,58974
513,476,SOUTH RIBBLE,North West,England,0.38399528530235105,0.16067857969733326,0.4299635873797647,,,,,,,0.02536254762055103,47511
514,525,SOUTH SHIELDS,North East,England,0.17238297027080712,0.1972124743428458,0.6048136131894326,,,,,,,0.02559094219691452,30206
515,282,SOUTH STAFFORDSHIRE,West Midlands,England,0.5204993173395748,0.13809245172615564,0.17538521552564854,,,,,,,0.16602301540862102,25635
516,136,SOUTH SUFFOLK,Eastern,England,0.42028866487363215,0.2846613423121933,0.24466709097255016,,,,,,,0.05038290184162441,48707
517,263,SOUTH SWINDON,South West,England,0.3722165991902834,0.16843025395656974,0.4033400809716599,,,,,,,0.05601306588148693,43472
518,90,SOUTH THANET,South East,England,0.3878570389408855,0.13168614519179478,0.403957131079967,,,,,,,0.0764996847873527,41242
519,6,SOUTH WEST BEDFORDSHIRE,Eastern,England,0.4826908805168726,0.1685729253066748,0.30202558169991706,,,,,,,0.04671061247653556,45814
520,234,SOUTH WEST DEVON,South West,England,0.44811291807302855,0.24066687122839317,0.2361665132453718,,,,,,,0.0750536974532065,48885
521,70,SOUTH WEST HERTFORDSHIRE,Eastern,England,0.46905446414310814,0.299892189746047,0.20895224405047116,,,,,,,0.02210110206037374,50088
522,132,SOUTH WEST NORFOLK,Eastern,England,0.4694795653672429,0.18515428011682117,0.28652021695357993,,,,,,,0.05884593756235602,55127
523,106,SOUTH WEST SURREY,South East,England,0.5041118891793395,0.39514205575378275,0.07918487282718617,,,,,,,0.021561182239691657,52409
524,61,"SOUTHAMPTON, ITCHEN",South East,England,0.26764603817235394,0.21196067090803933,0.4828455754771544,,,,,,,0.037547715442452285,43225
525,62,"SOUTHAMPTON, TEST",South East,England,0.25912452432807603,0.24813919536653664,0.42708757150037097,,,,,,,0.0656487088050164,41783
526,44,SOUTHEND WEST,Eastern,England,0.4621641978408235,0.23723324127542053,0.22776801405975394,,,,,,,0.072834546824002,39830
527,488,SOUTHPORT,North West,England,0.37025800344651827,0.46341108225528505,0.12807941554816632,,,,,,,0.03825149875003034,41201
528,107,SPELTHORNE,South East,England,0.5047981507856826,0.17086553503467278,0.2728058091480072,,,,,,,0.05153050503163744,42829
529,71,ST ALBANS,Eastern,England,0.3729048436056487,0.2543002947516607,0.3429677532884607,,,,,,,0.029827108354229907,45462
530,489,ST HELENS NORTH,North West,England,0.18868885437090982,0.21305798171678847,0.5685875073209239,,,,,,,0.029665656591377862,39271
531,490,ST HELENS SOUTH,North West,England,0.1297324725847828,0.2829194034899783,0.5453443464043075,,,,,,,0.042003777520931415,35473
532,227,ST IVES,South West,England,0.27704940793779875,0.5073090425848424,0.1305710375468592,,,,,,,0.08507051193049964,50417
533,283,STAFFORD,West Midlands,England,0.3900425868200378,0.14027308249549986,0.43660271326337974,,,,,,,0.03308161742108267,45554
534,284,STAFFORDSHIRE MOORLANDS,West Midlands,England,0.35450703907079745,0.1565317605586062,0.40959934919666463,,,,,,,0.07936185117393171,44253
535,457,STALYBRIDGE & HYDE,North West,England,0.26015178116327803,0.1566517528458968,0.4965452794925525,,,,,,,0.08665118649827264,35314
536,72,STEVENAGE,Eastern,England,0.3544617732627462,0.18147565221538609,0.4293174989268851,,,,,,,0.03474507559498259,41934
537,S14000057,STIRLING,Scotland,Scotland,0.2508983543521549,0.20718225721544484,0.3600054931221533,0.12595271337346364,,,,,,0.055961181936783316,43691
538,458,STOCKPORT,North West,England,0.24897263146123955,0.21894831008358726,0.505129853792178,,,,,,,0.026949204662995163,35771
539,504,STOCKTON NORTH,North East,England,0.2079444383441309,0.18856374217634786,0.5493576369825409,,,,,,,0.05413418249698034,36428
540,505,STOCKTON SOUTH,North East,England,0.3414954477661777,0.15962869799434587,0.47815150368408166,,,,,,,0.020724350555394788,44923
541,285,STOKE-ON-TRENT CENTRAL,West Midlands,England,0.17282402264664778,0.17866485111262406,0.5288995592503672,,,,,,,0.11961156699036084,27907
542,286,STOKE-ON-TRENT NORTH,West Midlands,England,0.20009752925877763,0.14827698309492848,0.5263654096228869,,,,,,,0.12526007802340702,30760
543,287,STOKE-ON-TRENT SOUTH,West Midlands,England,0.2391856160761502,0.1558434690639873,0.4687202538339503,,,,,,,0.1362506610259122,37820
544,288,STONE,West Midlands,England,0.48331065566799897,0.19370269580746663,0.2900756867080534,,,,,,,0.032910961816480996,47036
545,314,STOURBRIDGE,West Midlands,England,0.399971228541287,0.16423707681979477,0.4097295482880982,,,,,,,0.026062146350819985,41708
546,657,STRANGFORD,Northern Ireland,Northern Ireland,0.03947936919421041,,,,,0.5649438323612012,0.02562648520198747,0.06740116655865197,0.21257290991574854,0.08997623676820048,37032
547,293,STRATFORD-ON-AVON,West Midlands,England,0.4919642857142857,0.282760989010989,0.1741929945054945,,,,,,,0.05108173076923077,58240
548,203,STREATHAM,London,England,0.1782100209282285,0.2827526775821741,0.4665763880339776,,,,,,,0.07246091345561985,40615
549,459,STRETFORD & URMSTON,North West,England,0.3035615863100706,0.1397076192225926,0.5096191701005223,,,,,,,0.04711162436681452,38101
550,252,STROUD,South West,England,0.3899252747252747,0.1411164835164835,0.3960791208791209,,,,,,,0.07287912087912088,56875
551,137,SUFFOLK COASTAL,Eastern,England,0.44551629659227127,0.2214167475312518,0.2612401773312784,,,,,,,0.07182677854519855,52557
552,526,SUNDERLAND NORTH,North East,England,0.1979732300349324,0.14792653823539584,0.5436654791962093,,,,,,,0.11043475253346245,28913
553,527,SUNDERLAND SOUTH,North East,England,0.2254167752018755,0.14626204740817922,0.5855040375097682,,,,,,,0.04281713988017713,30712
554,108,SURREY HEATH,South East,England,0.5148982406285261,0.28829035897864513,0.16693133854319028,,,,,,,0.029880061849638515,47858
555,204,SUTTON & CHEAM,London,England,0.4035581417533149,0.4714299341791472,0.11814366116569684,,,,,,,0.006868262901841076,41932
556,315,SUTTON COLDFIELD,West Midlands,England,0.5248067705859493,0.16645796450623948,0.2596182909452049,,,,,,,0.04911697396260633,46318
557,568,SWANSEA EAST,Wales,Wales,0.10063566193163391,0.20133618732567946,0.566160731659856,,0.06904715573717325,,,,,0.06282026334565739,30834
558,569,SWANSEA WEST,Wales,Wales,0.15973523544701687,0.2890648612706281,0.4180922444538476,,0.06498216768421688,,,,,0.06812549114429063,33086
559,289,TAMWORTH,West Midlands,England,0.37110196616369456,0.14117512574302699,0.4298353909465021,,,,,,,0.0578875171467764,43740
560,431,TATTON,North West,England,0.5178683536968175,0.2177041580141981,0.23460665475443088,,,,,,,0.02982083353455353,41414
561,256,TAUNTON,South West,England,0.4231790081978229,0.4328047305469695,0.1198091654347534,,,,,,,0.02420709582045424,59528
562,235,TEIGNBRIDGE,South West,England,0.35457650497553284,0.45663240172091035,0.11381326151926172,,,,,,,0.07497783178429505,60898
563,276,TELFORD,West Midlands,England,0.3245044728994913,0.14444834239607088,0.482546921592703,,,,,,,0.04850026311173478,34206
564,253,TEWKESBURY,South West,England,0.49147471014014477,0.27384331067256285,0.20194486612544826,,,,,,,0.032737113061844104,45453
565,45,THURROCK,Eastern,England,0.32639842534102353,0.10917330403735237,0.47230614300100704,,,,,,,0.09212212762061704,43692
566,236,TIVERTON & HONITON,South West,England,0.4785792875808004,0.2885951038371613,0.13656993535964793,,,,,,,0.09625567322239031,58168
567,91,TONBRIDGE & MALLING,South East,England,0.5287758070468705,0.19495039402557368,0.23891192497232053,,,,,,,0.03736187395523522,46063
568,205,TOOTING,London,England,0.3015059661277906,0.19510200153964588,0.43095650500384913,,,,,,,0.0724355273287144,41568
569,237,TORBAY,South West,England,0.3654736486057967,0.40836733399572966,0.14739022894953807,,,,,,,0.07876878844893559,47303
570,546,TORFAEN,Wales,Wales,0.15789766252536203,0.15781428055254454,0.5689985825064621,,0.06231412768559438,,,,,0.05297534673003697,35979
571,238,TORRIDGE & WEST DEVON,South West,England,0.4269595794073467,0.3717226546497337,0.10243411170285402,,,,,,,0.09888365424006555,58584
572,239,TOTNES,South West,England,0.417439446366782,0.37894216510133466,0.12229362333168561,,,,,,,0.08132476520019773,50575
573,206,TOTTENHAM,London,England,0.13510611419909044,0.16766675088428498,0.5793014148559879,,,,,,,0.11792572006063669,31664
574,228,TRURO & ST AUSTELL,South West,England,0.3235978589713754,0.4671670157474207,0.13557908618415948,,,,,,,0.07365603909704445,51564
575,92,TUNBRIDGE WELLS,South East,England,0.49628077774116097,0.26116943646720964,0.2056400357798597,,,,,,,0.03690975001176969,42482
576,207,TWICKENHAM,London,England,0.32369841546230194,0.5164935090061331,0.11352951419118927,,,,,,,0.04627856134037572,51687
577,528,TYNE BRIDGE,North East,England,0.1122692642989804,0.21798127582155175,0.612174506310882,,,,,,,0.05757495356858583,26383
578,529,TYNEMOUTH,North East,England,0.3733171562565622,0.15669987633869198,0.4699829674047458,,,,,,,,42859
579,208,UPMINSTER,London,England,0.48506171415388166,0.09020648286999654,0.3108201638020533,,,,,,,0.11391163917406852,34676
580,658,UPPER BANN,Northern Ireland,Northern Ireland,,,,,,0.37546711089099993,0.2094682814821485,0.12937283328080681,0.25620188195038496,0.029489892395659807,44422
581,209,UXBRIDGE,London,England,0.4898481587061493,0.13217755541334575,0.3103438245389493,,,,,,,0.06763046134155565,34378
582,534,VALE OF CLWYD,Wales,Wales,0.3158481106675332,0.11821867359886114,0.460341039210225,,0.07145730820412836,,,,,0.03413486831925231,32313
583,564,VALE OF GLAMORGAN,Wales,Wales,0.3734468768489561,0.12974389316203194,0.41165159327191275,,0.05120023666638492,,,,,0.03395740005071422,47324
584,384,VALE OF YORK,Yorkshire and the Humber,England,0.5165945452380007,0.23899321132240264,0.24441224343959664,,,,,,,,50378
585,210,VAUXHALL,London,England,0.1447005595266779,0.2614783283805852,0.5285786951516612,,,,,,,0.06524241694107569,37353
586,423,WAKEFIELD,Yorkshire and the Humber,England,0.3146077775984878,0.16281321315783406,0.43341555058666237,,,,,,,0.08916345865701575,43381
587,491,WALLASEY,North West,England,0.2993100815358185,0.13007553652750128,0.5477079981456737,,,,,,,0.022906383791006516,36671
588,316,WALSALL NORTH,West Midlands,England,0.2797056359937777,0.12396793107574489,0.47834151011128395,,,,,,,0.1179849228191935,33428
589,317,WALSALL SOUTH,West Midlands,England,0.2743027042333286,0.09174571711737223,0.4993062438057483,,,,,,,0.1346453348435509,35315
590,211,WALTHAMSTOW,London,England,0.1815700847752874,0.2708744628962954,0.5029322959005923,,,,,,,0.04462315642782488,34444
591,516,WANSBECK,North East,England,0.15040451756529294,0.26426671010479447,0.5515284791225498,,,,,,,0.03380029320736276,36834
592,221,WANSDYKE,South West,England,0.370035144209059,0.19731804527516542,0.4061414014489624,,,,,,,0.026505409066813264,50933
593,97,WANTAGE,South East,England,0.4304557971154031,0.2760778725616684,0.2400107835396969,,,,,,,0.0534555467832316,51931
594,318,WARLEY,West Midlands,England,0.22797394583476174,0.1332938573253966,0.5442079346775953,,,,,,,0.0945242621622464,32087
595,432,WARRINGTON NORTH,North West,England,0.23326240783809193,0.19048443762679995,0.5352070859518037,,,,,,,0.041046068583304465,40418
596,433,WARRINGTON SOUTH,North West,England,0.33029895078744365,0.23742974977028442,0.4054106032437977,,,,,,,0.02686069619847426,46797
597,294,WARWICK & LEAMINGTON,West Midlands,England,0.4010660046728972,0.14820020443925233,0.40592143691588783,,,,,,,0.044812353971962614,54784
598,73,WATFORD,Eastern,England,0.2962708021217152,0.31232538364983603,0.3355670729238369,,,,,,,0.055836741304611893,49394
599,138,WAVENEY,Eastern,England,0.3341187843634826,0.1509878557186877,0.45324552393611667,,,,,,,0.06164783598171309,49653
600,29,WEALDEN,South East,England,0.5206368030474547,0.23456058074137962,0.16818500350385424,,,,,,,0.07661761270731138,55653
601,434,WEAVER VALE,North West,England,0.3019786910197869,0.1959157787924911,0.4758751902587519,,,,,,,0.026230339928970066,39420
602,356,WELLINGBOROUGH,East Midlands,England,0.4277709650033016,0.11597019149136874,0.41480992359211394,,,,,,,0.04144891991321573,53005
603,257,WELLS,South West,England,0.43558954026243746,0.3781931464174455,0.1564806947984518,,,,,,,0.029736618521665252,52965
604,74,WELWYN HATFIELD,Eastern,England,0.4958404150639592,0.14129170766615975,0.362867877269881,,,,,,,,44716
605,400,WENTWORTH,Yorkshire and the Humber,England,0.1733059894370154,0.13484661197887404,0.5962748623440836,,,,,,,0.09557253624002697,35596
606,S14000058,WEST ABERDEENSHIRE & KINCARDINE,Scotland,Scotland,0.283663081060315,0.4630474452554745,0.1313388398002305,0.11285055704955821,,,,,,0.00910007683442182,41648
607,319,WEST BROMWICH EAST,West Midlands,England,0.22778215814372607,0.12350754674476233,0.5558965983329579,,,,,,,0.09281369677855372,35512
608,320,WEST BROMWICH WEST,West Midlands,England,0.23074720050405248,0.10261477217401266,0.5427442220122004,,,,,,,0.12389380530973451,34917
609,46,WEST CHELMSFORD,Eastern,England,0.44946329232938964,0.2610279714800596,0.2592650630729452,,,,,,,0.03024367311760558,51052
610,333,WEST DERBYSHIRE,East Midlands,England,0.47666347300705864,0.22306082943902392,0.2664098703634906,,,,,,,0.03386582719042684,51143
611,247,WEST DORSET,South West,England,0.4652512916862377,0.41901362141850634,0.07748238609675905,,,,,,,0.03825270079849695,53225
612,S14000059,WEST DUNBARTONSHIRE,Scotland,Scotland,0.06441607155738296,0.14424487244223233,0.5193681021423934,0.2175334824112145,,,,,,0.05443747144677679,41589
613,212,WEST HAM,London,England,0.11683782212749468,0.10863527740102047,0.511528773493509,,,,,,,0.26299812697797587,30966
614,477,WEST LANCASHIRE,North West,England,0.3397520565403777,0.14040088054686595,0.4807322442358939,,,,,,,0.03911481867686247,43155
615,139,WEST SUFFOLK,Eastern,England,0.4904875014138672,0.1713154620518041,0.28894921388983147,,,,,,,0.04924782264449723,44205
616,659,WEST TYRONE,Northern Ireland,Northern Ireland,,,,,,0.17803021592659876,0.38885184078000323,0.0908087474417642,0.0685492216064571,0.27375997424517673,43487
617,270,WEST WORCESTERSHIRE,West Midlands,England,0.44520678887779597,0.3926333453703507,0.10504067803810778,,,,,,,0.057119187713745564,47077
618,264,WESTBURY,South West,England,0.44509387813826345,0.34889576289475577,0.17336882238687865,,,,,,,0.03264153658010215,55604
619,498,WESTMORLAND & LONSDALE,North West,England,0.4493109839632525,0.45469014425014104,0.0764767507454267,,,,,,,0.01952212104117979,49636
620,222,WESTON-SUPER-MARE,South West,England,0.4033811997148386,0.3610347285874325,0.18676036256237907,,,,,,,0.048823709135349835,49095
621,460,WIGAN,North West,England,0.20812182741116753,0.17652721862419044,0.5514032323939553,,,,,,,0.06394772157068673,34278
622,213,WIMBLEDON,London,England,0.41208183577550456,0.18127361533499217,0.359068288636992,,,,,,,0.04757626025251129,43404
623,63,WINCHESTER,South East,England,0.385173051347757,0.5064225242466509,0.0775568458269811,,,,,,,0.03084757857861105,61658
624,13,WINDSOR,South East,England,0.49541116425972126,0.25985855857917745,0.1908543702652599,,,,,,,0.05387590689584144,43693
625,492,WIRRAL SOUTH,North West,England,0.3316542413862583,0.2157968970380818,0.425448317549869,,,,,,,0.027100544025790853,39704
626,493,WIRRAL WEST,North West,England,0.39885528581476004,0.16132709237746465,0.42546018965391796,,,,,,,0.014357432153857347,41233
627,98,WITNEY,South East,England,0.4932521487311812,0.23046650206983607,0.2198852772466539,,,,,,,0.0563960719523288,53869
628,109,WOKING,South East,England,0.4742751655988707,0.3306765121077207,0.16303616027798892,,,,,,,0.0320121620154197,46045
629,14,WOKINGHAM,South East,England,0.4812901545407189,0.3241448168084737,0.15174075360305608,,,,,,,0.042824275047751346,46072
630,321,WOLVERHAMPTON NORTH EAST,West Midlands,England,0.2971234373103532,0.11667071246510499,0.5446049277824979,,,,,,,0.041600922442043935,32956
631,322,WOLVERHAMPTON SOUTH EAST,West Midlands,England,0.22282397083289088,0.1303316696754097,0.5943152454780362,,,,,,,0.05252911401366323,28251
632,323,WOLVERHAMPTON SOUTH WEST,West Midlands,England,0.3745291393747451,0.13359245663283667,0.4436046930108688,,,,,,,0.048273710981549464,41679
633,223,WOODSPRING,South West,England,0.41820682707582624,0.3016583362392964,0.21792785462435585,,,,,,,0.062206982060521526,51618
634,271,WORCESTER,West Midlands,England,0.3508881607312236,0.16290851082176425,0.41866430973527635,,,,,,,0.06753901871173579,46388
635,499,WORKINGTON,North West,England,0.31856959508770166,0.14633716687218462,0.49208546191207186,,,,,,,0.04300777612804187,39737
636,461,WORSLEY,North West,England,0.25688843176527904,0.18681318681318682,0.5104476803984194,,,,,,,0.045850701023114816,36946
637,117,WORTHING WEST,South East,England,0.47580160655081105,0.2671057608864956,0.19202954985425336,,,,,,,0.06506308270843995,44941
638,277,"WREKIN, THE",West Midlands,England,0.41947440848759265,0.14666844231366805,0.39856616504638875,,,,,,,0.03529098415235051,45054
639,535,WREXHAM,Wales,Wales,0.20006582195162087,0.23610334046404477,0.4605232845153859,,0.05739674181339477,,,,,0.04591081125555373,30385
640,21,WYCOMBE,South East,England,0.4576271186440678,0.19762756882076216,0.29891732505008217,,,,,,,0.045827987485087894,44427
641,272,WYRE FOREST,West Midlands,England,0.2870794049417924,,0.22806308127780026,,,,,,,0.48485751378040737,46987
642,462,WYTHENSHAWE & SALE EAST,North West,England,0.22250165819146583,0.21462524872871988,0.5217223082025204,,,,,,,0.04115078487729383,36184
643,258,YEOVIL,South West,England,0.3425159778013744,0.5140544547512672,0.10530322761605193,,,,,,,0.03812633983130647,49913
644,550,YNYS MN,Wales,Wales,0.11039986464384412,0.06818566352715583,0.34622976707461506,,0.3112063617393266,,,,,0.16397834301505837,35462
645,385,"YORK, CITY OF",Yorkshire and the Humber,England,0.24387836126789278,0.21816855162349508,0.4686138592613258,,,,,,,0.0693392278472863,46597
